HH,DAY,TOWN,YEARS,SEX,AGE,STATUS,EDUC,DISABLED,HEAD,SEX_HH,AGE_HH,STATUS_HH,EDUC_HH,DISABLED_HH,AGE_HH_SPOUSE,EDUC_HH_SPOUSE,DISABLED_HH_SPOUSE,HH_SIZE,N_ADULTS,PRIMARY_WS,SUFFICIENT_WATER,TOTAL_TIME,PAY_WATER,TOTAL_COST,ELECTRIC,TOTAL_INCOME,TIME_LENGTH
1,17,0,10,0,27,1,3,0,1,0,27,1,3,0,NA,NA,NA,7,4,6,1,7,1,410.4166667,1,NA,35
2,18,0,10,0,42,1,4,0,1,0,42,1,4,0,37,4,0,6,3,6,1,18,1,NA,1,NA,45
3,18,0,5,0,23,1,4,0,1,0,23,1,4,0,20,4,0,6,3,NA,1,NA,0,0,1,NA,30
4,18,0,3,0,39,1,9999,0,1,0,39,1,9999,0,22,4,0,5,3,2,1,0,1,NA,1,NA,31
5,18,0,11,0,27,2,3,0,1,0,27,2,3,0,18,2,0,6,4,4,1,11,1,NA,1,NA,40
6,18,0,3,1,22,1,4,0,0,0,39,1,9999,0,22,4,0,5,3,2,1,0,1,NA,1,NA,41
7,18,0,6,1,29,2,4,0,0,0,32,2,4,0,29,4,0,4,2,3,1,36,1,180,1,NA,38
8,18,0,5,0,19,2,2,0,1,0,19,2,2,0,15,1,0,4,2,2,1,0,1,121.6666667,0,60833.33333,30
9,18,0,12,1,18,1,2,0,0,0,27,1,3,0,18,2,0,6,4,6,1,20,1,30.41666667,1,NA,50
10,18,0,1,0,30,1,4,0,1,0,30,1,4,0,21,3,0,5,2,4,1,9999,1,60.83333333,0,34761.90476,35
11,18,0,27,0,50,1,5,0,1,0,50,1,5,0,47,4,0,5,5,1,0,0,1,2100,1,35000,38
12,18,0,12,0,39,1,2,0,1,0,39,1,2,0,27,1,0,6,2,4,1,45,1,120,1,NA,60
13,18,0,1,0,58,1,4,0,1,0,58,1,4,0,34,3,0,8,3,2,1,65,1,600,1,NA,60
14,18,0,15,0,42,1,4,0,1,0,42,1,4,0,33,4,0,5,4,2,1,0,1,400,1,NA,45
15,18,0,10,0,29,1,3,0,1,0,29,1,3,0,23,1,0,5,2,6,1,5,1,273.75,1,NA,35
1,8,0,7,0,23,1,3,0,1,0,23,1,3,0,20,0,0,5,2,3,0,17,1,608.3333333,1,4345.238095,65
2,10,0,0.333333333,1,23,0,4,0,1,1,23,0,4,0,9998,9998,9998,4,1,5,1,50,1,20,0,NA,70
3,10,0,0.166666667,0,27,2,4,0,1,0,27,2,4,0,26,4,0,4,2,6,1,9999,0,0,1,4000,46
4,10,0,0.666666667,0,45,2,2,0,1,0,45,2,2,0,42,2,0,5,2,3,0,100,0,0,0,NA,40
5,10,0,2,0,26,2,2,0,1,0,26,2,2,0,20,1,0,5,2,3,1,150,1,20,0,NA,48
6,10,0,0.416666667,1,22,1,1,0,0,0,27,1,1,0,22,1,0,6,3,4,0,16,0,0,1,NA,61
7,10,0,45,0,66,1,1,0,1,0,66,1,1,0,54,0,0,5,2,6,1,11,0,0,1,NA,44
8,10,0,NA,NA,NA,NA,NA,NA,NA,NA,NA,NA,NA,0,NA,NA,NA,NA,NA,NA,NA,NA,NA,NA,NA,NA,NA
9,10,0,NA,NA,NA,NA,NA,NA,NA,NA,NA,NA,NA,0,NA,NA,NA,NA,NA,NA,NA,NA,NA,NA,NA,NA,NA
10,10,0,4,1,29,5,4,0,1,1,29,5,4,0,9998,9998,9998,3,1,4,1,20,1,40,1,NA,36
11,10,0,7,1,29,1,1,0,0,0,32,1,2,0,29,1,0,4,4,5,0,9999,0,0,1,NA,40
12,10,0,4,0,31,2,4,0,1,0,31,2,4,0,29,3,0,4,2,5,1,3,1,35,1,NA,34
13,10,0,8,0,44,1,2,1,1,0,44,1,2,1,40,1,1,9,5,2,1,0,1,NA,1,NA,50
14,10,0,4,0,32,2,4,0,1,0,32,2,4,0,27,4,0,7,2,2,1,0,1,820,1,NA,62
15,10,0,15,0,35,2,4,0,1,0,35,2,4,0,25,3,0,4,2,5,1,9,1,430,1,NA,40
1,18,0,42,0,62,1,5,0,1,0,62,1,5,0,58,5,0,5,4,1,0,0,1,3500,1,3500,30
2,19,0,6,0,40,1,5,0,1,0,40,1,5,0,35,4,0,4,4,2,1,0,1,630,1,NA,30
3,19,0,10,1,40,5,4,0,1,1,40,5,4,0,9998,9998,9998,5,5,2,1,0,1,140,1,NA,40
4,19,0,3,0,35,2,4,0,1,0,35,2,4,0,28,4,0,5,4,2,1,2,0,0,1,NA,38
5,19,0,4,1,39,0,4,0,1,1,39,0,4,0,9998,9998,9998,4,3,2,1,0,0,0,1,NA,48
6,19,0,10,0,43,2,4,0,1,0,43,2,4,0,30,4,0,5,3,2,1,0,0,NA,1,NA,39
7,19,0,10,0,41,1,5,0,1,0,41,1,5,0,39,4,0,6,4,2,1,0,1,605,1,NA,41
8,19,0,5,0,32,2,3,0,1,0,32,2,3,0,27,4,0,5,2,4,1,8,1,100,1,NA,39
9,19,0,10,1,42,4,4,0,1,1,42,4,4,0,9998,9998,9998,3,2,2,0,0,1,700,1,6000,31
10,19,0,7,1,39,4,4,0,1,1,39,4,4,0,9998,9998,9998,4,3,6,1,20,1,304.1666667,1,NA,35
11,19,0,12,1,40,5,4,0,1,1,40,5,4,0,9998,9998,9998,6,4,2,1,0,1,140,1,NA,30
12,19,0,2,1,39,5,2,0,1,1,39,5,2,0,9998,9998,9998,8,3,2,1,0,1,NA,0,NA,46
13,19,0,2,1,39,5,2,0,1,1,39,5,2,0,9998,9998,9998,8,3,6,1,4,1,60.83333333,1,NA,38
14,19,0,14,0,50,1,4,0,1,0,50,1,4,0,39,3,0,7,3,4,1,8,1,NA,1,NA,37
15,19,0,30,0,50,1,5,0,1,0,50,1,5,0,45,5,0,3,3,1,1,0,1,3000,1,60000,35
1,19,0,11,0,9999,2,4,0,1,0,9999,2,4,0,30,0,0,4,2,4,1,0,1,30.41666667,1,NA,88
2,19,0,6,1,25,5,3,0,1,1,25,5,3,0,9998,9998,9998,5,1,4,1,6,1,100,0,1500,51
3,19,0,7,0,50,1,9999,1,1,0,50,1,9999,1,47,1,1,8,3,2,1,0,1,715,1,NA,37
4,19,0,2,1,30,5,4,0,1,1,30,5,4,0,9998,9998,9998,7,1,6,1,3,0,0,1,NA,34
5,19,0,10,0,53,5,5,0,1,0,53,5,5,0,9998,9998,9998,5,3,1,1,0,1,1575,1,45332,36
6,19,0,5,0,53,1,5,0,1,0,53,1,5,0,41,5,0,5,3,2,1,0,1,655,1,64940,31
7,19,0,6,1,37,2,4,0,0,0,42,2,5,0,37,4,0,11,7,2,1,0,1,184,1,NA,33
8,19,0,5,1,32,1,3,0,0,0,41,1,4,0,32,3,0,5,4,2,1,0,0,0,1,NA,48
9,19,0,2,1,30,5,4,0,1,1,30,5,4,0,9998,9998,9998,7,2,6,1,3,0,0,1,NA,41
10,19,0,4,0,37,1,4,0,1,0,37,1,4,0,22,4,0,5,3,4,0,1,0,0,1,NA,44
11,19,0,8,1,32,2,1,0,0,0,35,2,2,0,32,1,0,5,2,4,1,3,0,0,1,NA,34
12,19,0,12,1,39,1,5,0,0,0,40,1,5,0,39,5,0,6,5,2,1,0,1,210,1,NA,37
13,19,0,1,0,25,2,4,0,1,0,25,2,4,0,20,3,0,4,2,2,1,0,1,500,1,7510,38
14,19,0,9,1,30,5,3,0,1,1,30,5,3,0,9998,9998,9998,3,2,3,0,12,0,0,0,1800,40
15,19,0,5,0,36,2,4,0,1,0,36,2,4,0,32,3,0,5,2,2,1,0,1,3000,1,11750,35
1,10,0,10,0,41,2,4,0,1,0,41,2,4,0,32,3,0,5,2,5,1,3,0,0,1,91250,33
2,11,0,20,0,27,2,2,0,1,0,27,2,2,0,29,2,0,6,3,2,1,0,1,456.25,1,NA,40
3,11,0,5,1,30,0,4,0,1,1,30,0,4,0,9998,9998,9998,3,1,2,1,0,1,380,1,NA,42
4,11,0,7,1,46,2,1,0,0,0,55,2,4,0,46,1,0,8,5,2,1,0,1,550,1,NA,47
5,11,0,3,0,41,1,1,0,1,0,41,1,1,0,30,1,0,8,4,2,1,0,1,456.25,1,NA,36
6,11,0,8,1,NA,NA,NA,NA,NA,0,45,2,4,0,NA,NA,NA,5,2,1,0,0,1,727,1,NA,34
7,11,0,9,1,37,2,1,0,0,0,36,2,2,0,37,1,0,8,2,2,0,0,1,400,1,3000,40
8,11,0,10,0,32,2,1,0,1,0,32,2,1,0,27,1,0,7,4,2,1,0,0,0,1,NA,36
9,11,0,0.916666667,0,45,1,3,0,1,0,45,1,3,0,30,4,0,6,3,5,1,9999,0,0,1,NA,81
10,11,0,13,0,40,1,3,0,1,0,40,1,3,0,35,2,0,7,3,5,1,70,0,0,1,NA,49
11,11,0,0.25,0,46,2,9999,0,1,0,46,2,9999,0,NA,NA,NA,3,2,5,1,15,0,0,1,NA,50
12,11,0,0.166666667,0,19,0,4,0,1,0,19,0,4,0,9998,9998,9998,3,2,6,1,9,0,0,1,NA,37
13,11,0,3,0,30,2,2,0,1,0,30,2,2,0,18,3,0,3,3,6,0,0,0,0,1,NA,38
14,11,0,5,0,30,2,4,0,1,0,30,2,4,0,27,3,0,3,2,1,1,0,1,500,1,2000,35
15,11,0,2,0,29,0,4,0,1,0,29,0,4,0,9998,9998,9998,3,2,3,1,30,1,43.45238095,1,3000,37
1,10,0,2,1,25,1,2,0,0,0,30,1,4,0,25,2,0,5,4,3,0,9999,1,461.25,1,NA,43
2,10,0,30,1,9999,1,9999,0,0,0,9999,1,9999,0,9999,9999,0,5,NA,2,1,0,1,400,1,NA,41
3,10,0,11,1,33,1,4,0,0,0,40,1,4,0,33,4,0,10,6,2,1,0,1,0,1,NA,43
4,10,0,5,1,20,1,3,0,0,0,23,1,4,0,20,3,0,8,5,6,0,9999,1,304.1666667,1,NA,60
5,10,0,10,1,35,2,2,0,0,0,40,2,3,0,35,2,0,5,4,6,1,9999,1,152.0833333,0,NA,33
6,10,0,5,1,25,2,1,0,0,0,35,2,9999,0,25,1,0,8,5,3,1,12,1,0,0,NA,30
7,10,0,8,0,30,0,1,0,1,0,30,0,1,0,9998,9998,9998,6,2,2,0,0,1,121.6666667,1,2500,38
8,10,0,3,0,25,0,4,0,1,0,25,0,4,0,9998,9998,9998,2,2,3,1,15,0,0,1,NA,40
9,10,0,2,1,24,2,4,0,0,0,25,2,4,0,24,4,0,8,4,6,1,80,1,26,1,NA,35
10,10,0,2,0,37,2,3,0,1,0,37,2,3,0,20,2,0,2,2,3,0,70,1,150,1,3000,35
11,10,0,8,1,31,1,1,0,0,0,80,1,9999,0,31,1,0,7,3,2,0,0,0,0,1,NA,51
12,10,0,0.333333333,0,25,2,1,0,1,0,25,2,1,0,20,3,0,6,5,NA,0,NA,0,0,0,2500,37
13,10,0,7,0,48,0,NA,0,1,0,48,0,NA,0,9998,9998,9998,7,3,4,1,45,1,60.83333333,0,NA,38
14,10,0,10,1,40,1,0,0,0,0,52,1,1,0,40,0,0,8,6,2,1,0,0,0,1,NA,50
15,10,0,3,0,82,1,1,0,1,0,82,1,1,0,53,1,0,12,5,6,1,9999,0,0,1,NA,69
1,17,0,6,0,30,1,4,0,1,0,30,1,4,0,22,3,0,8,3,4,1,21,1,304.1666667,1,NA,54
2,17,0,3,1,30,4,3,0,1,1,30,4,3,0,9998,9998,9998,5,1,4,1,7,1,456.25,1,NA,45
3,18,0,4,0,29,2,3,0,1,0,29,2,3,0,23,3,0,3,2,2,1,0,1,1500,1,350,38
4,18,0,13,1,40,5,3,0,1,1,40,5,3,0,9998,9998,9998,3,3,NA,1,NA,0,152.0833333,0,NA,34
5,18,0,9999,1,62,4,2,0,1,1,62,4,2,0,9998,9998,9998,3,2,3,0,70,0,0,0,2100,30
6,18,0,10,0,45,1,5,0,1,0,45,1,5,0,30,4,0,5,3,2,1,0,1,520,1,NA,42
7,18,0,4,0,35,1,4,0,1,0,35,1,4,0,31,4,0,5,2,4,1,2,0,0,1,NA,45
8,18,0,2,1,29,3,4,0,1,1,29,3,4,0,9998,9998,9998,3,1,6,1,25,0,0,1,NA,50
9,18,0,4,1,28,2,3,0,0,0,31,2,3,0,28,3,0,5,3,2,1,0,1,280,1,NA,30
10,18,0,3,0,30,2,4,0,1,0,30,2,4,0,21,3,0,4,2,4,1,32,1,200,1,NA,30
11,18,0,7,0,38,2,4,0,1,0,38,2,4,0,27,2,0,7,2,2,1,0,1,153,1,NA,35
12,18,0,12,0,42,2,4,0,1,0,42,2,4,0,37,4,0,6,4,4,1,27,1,NA,1,NA,47
13,18,0,9,0,30,2,4,0,1,0,30,2,4,0,29,3,0,5,2,2,1,0,1,NA,1,NA,37
14,18,0,5,0,33,2,4,0,1,0,33,2,4,0,29,4,0,4,2,2,1,0,1,NA,1,NA,30
15,18,0,5,0,39,1,4,0,1,0,39,1,4,0,26,4,0,6,4,1,1,0,1,480,1,NA,60
1,10,0,5,0,40,1,1,0,1,0,40,1,1,0,39,2,0,6,4,2,1,0,1,600,1,NA,55
2,11,0,2,0,35,1,4,0,1,0,35,1,4,0,26,4,0,3,2,2,1,0,1,310,1,NA,67
3,11,0,0.333333333,0,28,2,4,0,1,0,28,2,4,0,22,4,0,2,2,2,1,0,1,250,1,NA,60
4,11,0,6,0,40,1,1,0,1,0,40,1,1,0,31,2,0,5,2,6,0,4,1,0,1,NA,47
5,11,0,8,1,34,1,1,0,0,0,40,1,2,1,34,1,0,5,3,6,1,3,0,0,1,NA,33
6,11,0,3,1,35,1,5,1,0,0,40,1,5,1,35,5,1,4,4,1,1,0,1,0,1,3000,45
7,11,0,5,1,31,1,5,1,0,0,38,1,4,0,31,5,1,6,3,2,0,0,1,NA,1,NA,55
8,11,0,9,0,34,1,3,0,1,0,34,1,3,0,24,2,0,5,2,6,0,62,1,0,1,NA,42
9,11,0,NA,NA,NA,NA,NA,NA,NA,NA,NA,NA,NA,0,NA,NA,NA,NA,NA,NA,NA,NA,NA,NA,NA,NA,NA
10,11,0,NA,NA,NA,NA,NA,NA,NA,NA,NA,NA,NA,0,NA,NA,NA,NA,NA,NA,NA,NA,NA,NA,NA,NA,NA
11,11,0,8,0,51,1,2,0,1,0,51,1,2,0,40,2,0,5,5,3,0,140,1,320,1,3000,52
12,11,0,3,0,32,2,4,0,1,0,32,2,4,0,25,4,0,3,2,3,0,95,0,0,1,NA,65
13,11,0,8,1,30,1,4,0,0,0,60,3,1,1,9998,9998,9998,3,2,2,1,0,1,130,1,NA,72
14,11,0,2,0,32,2,4,0,1,0,32,2,4,0,28,4,0,3,2,2,1,0,1,320,1,NA,50
15,11,0,2,0,32,2,4,0,1,0,32,2,4,0,26,4,0,5,2,2,1,0,1,290,1,3000,58
1,12,0,8,0,9999,1,9999,0,1,0,9999,1,9999,0,NA,NA,NA,10,2,2,1,0,1,381,1,20000,34
2,12,0,3,0,29,2,4,0,1,0,29,2,4,0,24,4,0,6,2,4,1,3,1,304.1666667,1,NA,31
3,12,0,21,0,33,1,4,0,1,0,33,1,4,0,28,4,0,4,2,2,1,0,0,0,1,4500,44
4,12,0,18,0,57,3,0,1,1,0,57,3,0,1,9998,9998,9998,2,2,4,1,3,1,304.1666667,1,NA,41
5,12,0,12,0,43,2,9999,0,1,0,43,2,9999,0,26,1,0,6,2,4,1,3,0,0,1,NA,54
6,12,0,23,0,53,2,3,1,1,0,53,2,3,1,38,3,0,5,2,4,1,7,1,621.3333333,1,NA,39
7,12,0,0.583333333,1,30,2,3,0,0,0,34,2,3,0,30,3,0,4,2,4,1,3,0,0,1,NA,35
8,12,0,0.333333333,0,50,4,2,0,1,0,50,4,2,0,9998,9998,9998,6,2,4,1,6,1,486.6666667,1,NA,30
9,12,0,5,0,30,2,4,0,1,0,30,2,4,0,25,3,0,2,2,4,1,35,0,0,1,NA,35
10,12,0,4,0,23,1,4,0,1,0,23,1,4,0,23,4,0,2,2,2,1,0,0,0,1,2389.880952,39
11,12,0,17,0,50,1,3,0,1,0,50,1,3,0,30,2,0,6,3,2,1,0,1,60.83333333,1,17500,48
12,12,0,32,0,48,0,2,0,1,0,48,0,2,0,9998,9998,9998,3,2,2,1,0,0,0,0,NA,32
13,12,0,8,0,30,1,3,0,1,0,30,1,3,0,23,3,0,4,2,2,1,0,0,0,1,12383.92857,30
14,12,0,10,0,30,1,3,0,1,0,30,1,3,0,27,3,0,7,2,2,0,0,1,1000,1,6517.857143,43
15,12,0,12,0,65,1,1,0,1,0,65,1,1,0,56,1,0,3,1,2,0,0,0,0,0,2172.619048,34
1,12,0,NA,NA,NA,NA,NA,NA,NA,NA,NA,NA,NA,0,NA,NA,NA,NA,NA,NA,NA,NA,NA,NA,NA,NA,NA
2,12,0,20,1,29,1,0,0,0,0,39,1,1,0,29,0,0,7,4,6,1,3,0,0,0,NA,46
3,12,0,6,1,31,5,4,1,1,1,31,5,4,1,9998,9998,9998,3,1,6,1,3,1,0,1,3000,36
4,12,0,2,1,23,2,4,0,0,0,26,2,4,0,23,4,0,2,2,6,1,3,1,60.83333333,1,NA,45
5,12,0,17,0,37,1,9999,0,1,0,37,1,9999,0,28,1,0,6,3,2,1,0,1,1200,1,NA,53
6,12,0,14,0,44,2,4,0,1,0,44,2,4,0,34,2,0,8,4,2,1,0,0,0,1,NA,57
7,12,0,22,0,26,2,3,0,1,0,26,2,3,0,22,2,0,3,2,2,1,0,1,0,0,NA,50
8,12,0,8,0,33,1,3,0,1,0,33,1,3,0,28,4,0,8,2,9,0,2,0,60.83333333,1,6000,43
9,12,0,10,1,54,4,2,0,1,1,54,4,2,0,9998,9998,9998,1,1,4,0,14,0,0,1,NA,60
10,12,0,4,1,29,1,3,0,0,0,30,1,4,0,29,3,0,5,2,4,1,14,1,60.83333333,1,5000,39
11,13,0,3,1,41,5,2,0,1,1,41,5,2,0,9998,9998,9998,3,1,4,0,6,0,0,1,NA,33
12,13,0,10,0,40,2,9999,1,1,0,40,2,9999,1,35,1,0,8,3,4,1,11,0,0,1,NA,36
13,13,0,3,1,28,1,4,0,0,0,31,1,4,0,28,4,0,6,4,2,1,0,1,0,1,3000,45
14,13,0,2,1,32,3,3,0,1,1,32,3,3,0,9998,9998,9998,2,1,6,1,3,1,0,1,NA,68
15,13,0,1,0,28,2,4,0,1,0,28,2,4,0,26,3,0,5,2,4,0,6,0,0,0,NA,41
1,8,0,43,1,57,5,0,0,1,1,57,5,0,0,9998,9998,9998,6,4,2,1,0,1,420,1,4779.761905,50
2,8,0,3,0,37,1,4,0,1,0,37,1,4,0,33,4,0,6,4,2,1,0,1,725,1,NA,50
3,8,0,20,1,43,1,2,0,1,1,43,1,2,0,NA,NA,NA,6,3,NA,1,NA,0,0,0,NA,55
4,8,0,12,1,30,5,3,0,1,1,30,5,3,0,9998,9998,9998,4,2,3,1,9,1,20,0,8690.47619,65
5,8,0,60,1,62,4,1,0,1,1,62,4,1,0,9998,9998,9998,4,NA,3,0,34,0,0,1,NA,55
6,8,0,20,1,39,1,0,0,0,0,73,1,9999,0,39,0,0,7,2,2,1,0,1,500,1,NA,53
7,8,0,60,0,75,1,9999,0,1,0,75,1,9999,0,60,9999,0,3,1,2,1,0,1,375,1,NA,65
8,8,0,43,1,57,5,0,0,1,1,57,5,0,0,9998,9998,9998,6,4,2,1,0,1,420,1,4779.761905,50
9,10,0,14,0,47,1,2,0,1,0,47,1,2,0,35,3,0,7,3,2,1,0,1,100,1,NA,68
10,10,0,36,0,60,1,9999,0,1,0,60,1,9999,0,50,9999,0,11,7,2,0,0,0,0,1,NA,67
11,10,0,26,1,41,4,2,0,1,1,41,4,2,0,9998,9998,9998,2,1,4,1,9999,0,0,0,NA,50
12,10,0,30,0,62,1,9999,0,1,0,62,1,9999,0,NA,NA,NA,8,3,2,1,0,1,184,1,3000,50
13,10,0,23,1,23,0,3,0,1,1,23,0,3,0,9998,9998,9998,1,1,6,1,15,0,0,1,NA,34
14,10,0,12,0,43,1,0,1,1,0,43,1,0,1,36,0,0,10,4,2,1,0,1,0,1,NA,92
15,11,0,21,0,49,0,3,1,1,0,49,0,3,1,9998,9998,9998,7,3,2,1,0,0,0,1,NA,33
1,10,0,32,1,53,5,1,0,1,1,53,5,1,0,9998,9998,9998,4,1,4,1,3,0,0,1,NA,50
2,10,0,12,1,45,0,2,1,1,1,45,0,2,1,9998,9998,9998,5,3,4,1,9999,1,38,1,NA,43
3,10,0,20,1,20,1,3,0,0,0,25,1,4,0,20,3,0,7,5,2,1,0,1,304.1666667,1,2172.619048,42
4,10,0,60,1,32,0,3,0,1,1,32,0,3,0,9998,9998,9998,8,5,2,1,0,1,608.3333333,0,NA,35
5,10,0,5,0,40,1,1,0,1,0,40,1,1,0,39,2,0,7,4,2,1,0,1,600,1,NA,55
6,11,0,50,0,52,2,3,0,1,0,52,2,3,0,37,2,0,6,4,2,0,0,1,228,1,5600,40
7,11,0,5,1,55,0,9999,1,1,1,55,0,9999,1,9998,9998,9998,7,4,2,1,0,1,300,1,NA,55
8,11,0,40,0,65,1,5,0,1,0,65,1,5,0,62,9999,0,10,6,2,0,0,0,0,1,NA,59
9,11,0,1,0,32,1,3,0,1,0,32,1,3,0,29,4,0,7,3,2,1,0,0,0,1,NA,43
10,11,0,8,0,30,2,3,1,1,0,30,2,3,1,28,3,0,7,4,4,1,31,1,45,1,2172.619048,37
11,11,0,0.416666667,0,45,1,9999,1,1,0,45,1,9999,1,40,9999,0,5,3,4,1,13,0,0,1,NA,50
12,11,0,10,0,33,1,5,0,1,0,33,1,5,0,33,5,0,4,3,2,0,0,1,NA,1,NA,34
13,11,0,5,0,48,2,9999,1,1,0,48,2,9999,1,39,2,0,8,5,2,1,0,1,300,1,NA,37
14,11,0,3,0,29,1,4,0,1,0,29,1,4,0,25,4,0,5,2,2,1,0,0,0,1,NA,30
15,11,0,4,0,32,1,9999,0,1,0,32,1,9999,0,20,1,0,7,5,4,1,7,0,0,1,NA,60
1,10,0,3,0,43,2,2,0,1,0,43,2,2,0,36,4,0,6,4,2,1,0,1,350,1,NA,52
2,11,0,23,0,56,1,3,0,1,0,56,1,3,0,55,1,0,6,4,2,1,0,1,300,1,NA,60
3,11,0,0.583333333,0,22,2,4,0,1,0,22,2,4,0,20,3,0,6,3,4,1,42,1,608.3333333,1,NA,55
4,11,0,10,0,35,2,5,0,1,0,35,2,5,0,23,4,0,5,3,2,1,0,1,330,1,3000,60
5,11,0,20,0,65,1,1,1,1,0,65,1,1,1,45,1,0,7,3,2,1,0,1,350,1,10000,65
6,11,0,24,0,55,1,3,1,1,0,55,1,3,1,47,1,0,5,3,2,1,0,0,0,1,NA,86
7,11,0,0.166666667,0,35,2,3,0,1,0,35,2,3,0,30,1,0,5,2,4,1,15,1,300,1,NA,61
8,11,0,34,0,34,3,2,0,1,0,34,3,2,0,9998,9998,9998,3,1,2,1,0,0,0,1,NA,50
9,11,0,8,0,52,1,4,0,1,0,52,1,4,0,50,3,0,7,6,2,0,0,0,0,1,NA,53
10,11,0,12,0,34,1,2,0,1,0,34,1,2,0,28,4,0,7,3,4,1,25,1,456.25,1,3000,78
11,12,0,3,0,50,2,3,0,1,0,50,2,3,0,34,1,0,2,2,5,1,9,1,360,0,NA,48
12,12,0,20,1,40,1,2,0,0,0,50,1,5,0,40,2,0,6,5,2,0,0,1,141,1,3000,45
13,12,0,16,0,46,1,3,0,1,0,46,1,3,0,25,2,0,9,2,4,1,9,1,620,1,NA,53
14,12,0,4,0,23,1,3,0,1,0,23,1,3,0,21,3,0,7,4,2,1,0,0,0,1,15208.33333,69
15,12,0,15,1,58,1,1,0,0,0,62,1,3,0,58,1,0,4,2,2,1,0,1,375,1,NA,33
1,8,0,8,0,43,2,4,0,1,0,43,2,4,0,29,4,0,4,2,2,1,0,0,0,1,NA,32
2,8,0,26,0,38,1,2,0,1,0,38,1,2,0,30,3,1,5,2,3,0,15,1,450,1,4000,75
3,8,0,16,0,44,1,5,0,1,0,44,1,5,0,32,4,0,7,3,2,0,0,1,600,1,18208.33333,79
4,8,0,30,0,79,0,3,0,1,0,79,0,3,0,9998,9998,9998,5,2,2,0,0,1,300,1,1500,65
5,9,0,30,0,57,1,4,0,1,0,57,1,4,0,50,3,0,5,4,2,1,0,0,0,1,NA,82
6,10,0,2,0,34,2,2,0,1,0,34,2,2,0,33,2,0,2,2,4,0,11,0,0,1,4600,54
7,10,0,12,0,39,1,4,0,1,0,39,1,4,0,38,3,0,5,2,2,1,0,1,250,1,NA,55
8,10,0,20,0,34,1,9999,0,1,0,34,1,9999,0,34,0,1,7,3,4,1,7,1,400,1,NA,69
9,10,0,1,0,9999,1,9999,0,1,0,9999,1,9999,0,27,1,0,7,2,2,1,0,1,465,1,NA,51
10,10,0,14,0,9999,2,3,0,1,0,9999,2,3,0,NA,NA,NA,7,3,4,0,20,0,0,1,NA,64
11,10,0,10,0,45,1,3,0,1,0,45,1,3,0,38,9999,0,8,5,4,1,12,1,210,1,NA,50
12,10,0,14,0,34,2,3,0,1,0,34,2,3,0,27,3,0,7,4,4,0,24,1,365,1,NA,59
13,10,0,26,0,42,1,9999,0,1,0,42,1,9999,0,30,2,0,6,3,4,1,23,1,24,1,NA,60
14,10,0,10,0,32,2,9999,0,1,0,32,2,9999,0,28,1,0,5,3,4,1,35,1,240,1,NA,44
15,10,0,1,0,9999,1,3,0,1,0,9999,1,3,0,24,0,0,6,1,3,1,25,1,365,1,NA,37
1,12,0,23,1,43,1,4,0,0,0,48,1,4,0,43,4,0,7,5,2,1,0,1,324,1,NA,38
2,12,0,33,0,55,1,4,0,1,0,55,1,4,0,45,2,0,8,6,2,1,0,1,140,1,NA,47
3,12,0,4,0,27,1,4,0,1,0,27,1,4,0,21,4,0,4,2,3,1,90,1,653.3333333,1,NA,35
4,12,0,30,0,26,2,3,0,1,0,26,2,3,0,27,2,0,9,5,4,1,65,1,600,1,11500,51
5,12,0,24,0,39,1,4,0,1,0,39,1,4,0,36,2,0,6,4,4,1,13,1,360,1,NA,49
6,12,0,20,0,52,2,1,0,1,0,52,2,1,0,51,1,0,6,4,4,1,15,1,100,1,NA,57
7,12,0,8,1,38,5,3,0,1,1,38,5,3,0,9998,9998,9998,4,2,2,1,0,1,NA,1,NA,40
8,13,0,3,0,28,2,4,0,1,0,28,2,4,0,26,4,0,3,2,4,1,14,1,130,1,9882,33
9,13,0,10,0,54,1,4,0,1,0,54,1,4,0,42,3,0,8,4,2,1,0,0,NA,1,NA,33
10,13,0,17,1,59,1,3,0,0,0,68,1,4,0,59,3,0,5,2,2,1,0,1,NA,1,NA,33
11,13,0,4,1,29,0,5,0,1,1,29,0,5,0,9998,9998,9998,2,2,1,1,0,1,NA,1,NA,64
12,13,0,10,0,52,2,4,0,1,0,52,2,4,0,41,4,0,4,3,2,1,0,1,400,1,NA,41
13,13,0,30,0,43,1,4,0,1,0,43,1,4,0,38,2,0,6,4,2,1,0,1,195,1,NA,35
14,13,0,40,1,50,4,1,0,1,1,50,4,1,0,9998,9998,9998,7,1,4,1,11,1,243.3333333,1,NA,34
15,13,0,18,1,36,5,2,0,1,1,36,5,2,0,9998,9998,9998,6,2,1,1,0,0,0,1,NA,45
1,20,0,7,0,56,1,5,0,1,0,56,1,5,0,39,4,0,5,3,2,1,0,1,1200,1,NA,33
2,20,0,12,0,43,1,5,0,1,0,43,1,5,0,38,5,0,5,3,1,0,0,1,930,1,NA,48
3,20,0,8,0,47,1,5,0,1,0,47,1,5,0,38,5,0,5,4,1,0,0,1,630,1,NA,46
4,20,0,10,1,54,5,5,0,1,1,54,5,5,0,9998,9998,9998,4,3,1,0,0,1,2305,1,NA,36
5,20,0,14,0,51,1,1,0,1,0,51,1,1,0,40,1,0,5,4,2,1,0,1,370,1,NA,35
6,20,0,4,0,31,1,4,0,1,0,31,1,4,0,30,4,0,7,4,2,1,0,1,300,1,NA,35
7,20,0,11,0,44,1,2,0,1,0,44,1,2,0,40,1,0,5,4,2,1,0,1,374,1,NA,45
8,20,0,5,0,31,1,4,0,1,0,31,1,4,0,31,4,0,7,3,2,1,0,1,NA,1,NA,41
9,20,0,6,0,58,1,5,0,1,0,58,1,5,0,38,3,0,9,6,2,1,0,1,NA,1,NA,41
10,20,0,4,0,28,2,3,0,1,0,28,2,3,0,21,2,0,4,2,2,1,0,0,0,1,3000,39
11,20,0,10,0,35,1,5,0,1,0,35,1,5,0,30,5,0,4,2,1,0,0,1,2000,1,NA,42
12,20,0,40,1,50,4,1,0,1,1,50,4,1,0,9998,9998,9998,3,3,3,1,25,0,0,1,2250,31
13,20,0,6,0,30,1,4,0,1,0,30,1,4,0,35,4,0,4,2,2,1,0,1,305,1,NA,43
14,20,0,10,0,50,1,4,0,1,0,50,1,4,0,47,3,0,3,3,2,1,0,0,0,1,NA,30
15,20,0,14,0,63,2,2,1,1,0,63,2,2,1,44,2,0,8,4,5,1,0,0,0,1,NA,37
1,8,0,2,0,30,1,4,0,1,0,30,1,4,0,20,3,0,4,2,2,1,0,1,243.3333333,1,4500,65
2,10,0,19,1,32,1,3,0,0,0,35,1,4,0,32,3,0,5,5,2,1,0,1,374,1,NA,39
3,10,0,17,0,36,2,1,0,1,0,36,2,1,0,26,0,0,8,3,3,1,3,1,15,1,1520.833333,32
4,10,0,39,0,47,1,2,0,1,0,47,1,2,0,45,1,0,10,7,5,0,5,0,0,1,NA,45
5,10,0,5,1,23,2,4,0,0,0,30,2,4,0,23,4,0,7,2,4,1,25,1,304.1666667,1,12000,51
6,10,0,15,0,46,1,9999,0,1,0,46,1,9999,0,28,4,0,12,6,2,1,0,1,500,1,NA,45
7,10,0,15,1,45,0,9999,1,1,1,45,0,9999,1,9998,9998,9998,8,6,4,1,3,0,0,1,NA,60
8,10,0,12,0,50,0,3,0,1,0,50,0,3,0,9998,9998,9998,5,1,4,1,17,1,304.1666667,1,NA,47
9,10,0,20,1,46,5,4,0,1,1,46,5,4,0,9998,9998,9998,5,1,3,1,22,1,60.83333333,1,NA,34
10,10,0,3,1,30,1,1,0,0,0,33,1,1,0,30,1,0,8,2,6,1,64,1,304.1666667,1,3000,44
11,10,0,4,0,33,1,3,0,1,0,33,1,3,0,26,1,0,7,2,5,1,12,0,0,1,NA,37
12,10,0,13,0,44,1,2,0,1,0,44,1,2,0,31,3,0,4,2,3,1,45,1,152.0833333,1,NA,37
13,11,0,30,1,49,0,2,0,1,1,49,0,2,0,9998,9998,9998,6,5,2,0,0,1,30,1,13035.71429,54
14,11,0,0.916666667,0,28,1,4,0,1,0,28,1,4,0,23,4,0,5,4,2,1,0,1,304.1666667,1,NA,64
15,11,0,12,0,62,1,1,0,1,0,62,1,1,0,57,1,0,4,1,2,1,0,1,450,1,NA,59
1,10,0,20,1,48,5,1,0,1,1,48,5,1,0,9998,9998,9998,6,4,2,0,0,1,243.3333333,1,3000,51
2,10,0,25,0,47,2,4,0,1,0,47,2,4,0,36,4,0,6,4,6,1,4,0,0,1,4000,41
3,10,0,2,0,27,2,4,0,1,0,27,2,4,0,22,3,0,5,2,3,1,12,1,628.3333333,1,1520.833333,46
4,10,0,20,1,27,1,4,0,0,0,28,1,4,0,27,4,0,4,2,3,1,15,1,608.3333333,1,1520.833333,42
5,10,0,38,0,47,1,4,0,1,0,47,1,4,0,40,9999,0,5,4,5,0,9999,0,0,1,NA,38
6,10,0,52,0,70,1,1,0,1,0,70,1,1,0,51,2,0,5,4,3,1,5,0,0,1,1700,39
7,10,0,7,1,26,1,4,0,0,0,32,1,3,0,26,4,0,7,2,3,1,50,1,547.5,1,NA,50
8,10,0,6,0,9999,1,3,0,1,0,9999,1,3,0,30,2,0,5,1,6,0,3,1,121.6666667,1,NA,36
9,10,0,9,0,32,0,5,0,1,0,32,0,5,0,9998,9998,9998,3,3,2,0,0,1,456.25,1,NA,54
10,11,0,21,0,45,3,4,0,1,0,45,3,4,0,9998,9998,9998,10,4,6,1,9,0,0,1,NA,49
11,11,0,9999,0,82,1,0,0,1,0,82,1,0,0,9999,0,0,3,1,6,1,0,0,0,0,NA,39
12,11,0,39,0,48,1,1,0,1,0,48,1,1,0,47,2,0,5,3,6,1,3,1,182.5,1,NA,57
13,11,0,15,0,34,1,4,0,1,0,34,1,4,0,39,4,0,6,5,2,1,0,1,30,1,NA,40
14,11,0,12,0,9999,1,9999,0,1,0,9999,1,9999,0,30,3,0,7,5,2,1,0,1,304.1666667,1,1520.833333,60
15,11,0,4,0,22,1,4,0,1,0,22,1,4,0,25,4,0,5,2,2,1,0,1,319.1666667,1,NA,53
1,10,0,5,1,45,5,1,0,1,1,45,5,1,0,9998,9998,9998,5,3,6,1,8,0,0,1,NA,35
2,10,0,6,1,30,2,2,0,0,0,35,2,4,0,30,2,0,3,2,2,1,0,1,275,1,6200,48
3,10,0,9,0,50,2,1,0,1,0,50,2,1,0,55,1,0,6,6,2,0,0,1,100,0,NA,43
4,10,0,20,0,49,2,4,0,1,0,49,2,4,0,40,3,0,6,5,3,1,5,1,200,1,NA,40
5,10,0,NA,NA,NA,NA,NA,NA,NA,NA,NA,NA,NA,0,NA,NA,NA,NA,NA,NA,NA,NA,NA,NA,NA,NA,NA
6,11,0,1,0,29,1,5,0,1,0,29,1,5,0,27,5,0,6,3,2,0,0,1,60.83333333,1,30000,49
7,11,0,15,0,28,2,4,0,1,0,28,2,4,0,24,3,0,6,3,5,1,0,1,374,1,7500,34
8,11,0,4,0,36,0,4,0,1,0,36,0,4,0,9998,9998,9998,4,2,1,1,0,0,0,1,NA,45
9,11,0,20,1,50,1,0,0,0,0,54,1,1,0,50,0,0,7,5,1,1,0,1,130,1,NA,42
10,11,0,5,0,69,1,1,0,1,0,69,1,1,0,36,0,0,6,2,3,1,3,0,0,1,NA,50
11,11,0,10,1,30,1,4,0,0,0,40,1,4,0,30,4,0,5,2,2,1,0,1,150,1,1800,54
12,11,0,14,0,52,1,4,0,1,0,52,1,4,0,40,2,0,4,2,3,1,3,1,182.5,1,15208.33333,47
13,11,0,4,0,30,1,3,0,1,0,30,1,3,0,32,1,0,4,3,6,1,5,0,0,1,NA,39
14,11,0,25,0,55,2,3,1,1,0,55,2,3,1,48,3,1,7,5,3,1,61,0,0,1,NA,54
15,11,0,NA,NA,NA,NA,NA,NA,NA,NA,NA,NA,NA,0,NA,NA,NA,NA,NA,NA,NA,NA,NA,NA,NA,NA,NA
1,8,0,0.166666667,0,29,1,4,0,1,0,29,1,4,0,18,2,0,6,3,3,1,15,1,243.3333333,1,NA,35
2,8,0,66,0,86,1,0,0,1,0,86,1,0,0,65,0,0,7,2,2,1,0,1,515,1,NA,49
3,8,0,36,0,61,1,1,0,1,0,61,1,1,0,56,1,0,5,2,5,1,4,1,0,1,3000,40
4,8,0,14,0,43,1,1,0,1,0,43,1,1,0,36,1,0,7,4,3,1,11,0,0,1,NA,50
5,8,0,8,0,42,1,4,0,1,0,42,1,4,0,38,3,0,9,5,2,1,0,1,400,1,NA,50
6,8,0,25,0,9999,1,1,0,1,0,9999,1,1,0,9999,9999,0,6,2,5,1,5,1,182.5,0,869.047619,63
7,8,0,35,0,84,1,4,0,1,0,84,1,4,0,54,1,1,6,2,1,1,0,1,375,1,2000,45
8,10,0,40,1,37,0,4,1,1,1,37,0,4,1,9998,9998,9998,6,2,3,1,20,1,273.75,0,500,60
9,10,0,4,0,9999,2,4,0,1,0,9999,2,4,0,9999,4,0,8,1,5,1,3,1,131.6666667,1,5000,45
10,10,0,17,0,49,1,3,0,1,0,49,1,3,0,39,1,0,8,5,2,1,0,1,152.0833333,1,NA,52
11,10,0,2,1,62,5,0,0,1,1,62,5,0,0,9998,9998,9998,7,5,2,1,0,1,86.9047619,1,2000,36
12,10,0,20,1,24,4,2,0,1,1,24,4,2,0,9998,9998,9998,3,1,2,1,0,0,0,1,NA,60
13,10,0,21,1,45,4,3,0,1,1,45,4,3,0,9998,9998,9998,5,3,2,1,0,1,65.17857143,1,3041.666667,36
14,10,0,20,0,60,1,0,0,1,0,60,1,0,0,42,0,0,5,2,2,1,0,1,250,1,NA,48
15,10,0,7,0,23,2,4,0,1,0,23,2,4,0,22,2,0,6,3,6,0,10,1,608.3333333,1,1000,86
1,20,0,14,1,40,0,4,0,0,0,56,4,4,0,9998,9998,9998,5,4,2,1,0,1,0,1,NA,48
2,20,0,1,1,19,0,3,0,0,0,22,0,3,0,9998,9998,9998,5,3,6,1,9,1,91.25,0,NA,30
3,20,0,16,0,28,1,4,0,1,0,28,1,4,0,23,4,0,8,7,6,1,40,1,260,1,NA,43
4,20,0,10,0,64,2,4,0,1,0,64,2,4,0,39,4,0,5,2,2,1,0,1,605,1,34000,32
5,20,0,7,0,28,2,4,0,1,0,28,2,4,0,28,4,0,3,2,2,0,0,1,1000,1,14750,32
6,20,0,14,0,54,1,4,0,1,0,54,1,4,0,47,4,0,9,5,1,1,0,1,2420,1,96200,30
7,20,0,7,1,42,0,4,0,1,1,42,0,4,0,9998,9998,9998,6,2,4,1,12,1,120,0,NA,50
8,20,0,10,0,50,2,4,0,1,0,50,2,4,0,38,1,0,3,2,3,1,22,1,210,1,NA,33
9,20,0,17,0,42,1,4,0,1,0,42,1,4,0,39,4,0,7,5,2,1,0,1,NA,1,NA,30
10,20,0,22,0,22,0,3,0,1,0,22,0,3,0,9998,9998,9998,5,3,4,1,34,1,60.83333333,0,NA,44
11,20,0,17,0,27,2,4,0,1,0,27,2,4,0,24,4,0,8,7,4,1,40,1,NA,1,NA,41
12,20,0,17,0,9999,1,4,1,1,0,9999,1,4,1,34,1,0,6,2,4,1,4,1,182.5,1,7041.666667,43
13,20,0,0.75,0,9999,2,3,0,1,0,9999,2,3,0,28,1,0,4,1,4,1,4,1,152.0833333,1,NA,30
14,20,0,20,0,51,1,2,0,1,0,51,1,2,0,46,1,1,15,4,2,1,0,0,0,1,NA,43
15,20,0,16,0,56,4,4,0,1,0,56,4,4,0,9998,9998,9998,5,4,2,1,0,1,NA,1,NA,55
1,22,0,15,1,45,3,5,0,1,1,45,3,5,0,9998,9998,9998,5,2,1,1,0,1,961,1,NA,38
2,22,0,19,0,40,1,4,0,1,0,40,1,4,0,39,3,0,4,4,2,1,0,1,0,1,NA,40
3,22,0,9,0,32,0,4,0,1,0,32,0,4,0,9998,9998,9998,4,4,2,1,0,1,200,1,NA,45
4,22,0,24,0,58,2,5,0,1,0,58,2,5,0,NA,NA,NA,3,3,2,1,0,1,NA,1,NA,30
5,22,0,4,0,45,1,3,0,1,0,45,1,3,0,40,4,0,5,3,2,1,0,0,0,1,NA,45
6,22,0,5,0,48,1,4,0,1,0,48,1,4,0,45,5,0,7,4,2,1,0,1,325,1,NA,31
7,22,0,20,0,58,2,5,0,1,0,58,2,5,0,NA,NA,NA,4,3,2,1,0,1,265,1,NA,33
8,22,0,17,1,38,1,2,0,0,0,45,1,3,0,38,2,0,6,3,6,1,3,0,0,1,NA,33
9,22,0,9999,0,51,1,2,1,1,0,51,1,2,1,38,2,0,8,5,4,1,15,0,0,1,NA,35
10,22,0,6,0,40,1,4,0,1,0,40,1,4,0,36,4,0,6,3,2,1,0,0,0,1,NA,44
11,22,0,5,0,40,1,4,0,1,0,40,1,4,0,37,4,0,7,4,3,1,9999,1,NA,1,NA,34
12,22,0,20,0,87,5,4,1,1,0,87,5,4,1,9998,9998,9998,2,1,2,1,0,1,605,1,NA,47
13,22,0,24,0,46,1,3,0,1,0,46,1,3,0,39,2,0,6,4,4,1,4,0,0,1,NA,30
14,22,0,3,1,39,0,4,0,1,1,39,0,4,0,9998,9998,9998,5,5,4,1,0,0,0,1,NA,39
15,22,0,8,0,60,1,4,0,1,0,60,1,4,0,47,4,0,6,2,2,1,0,1,650,1,NA,33
1,10,0,4,0,30,2,9999,0,1,0,30,2,9999,0,26,4,0,3,2,2,1,0,1,141,1,NA,53
2,14,0,5,0,39,2,4,0,1,0,39,2,4,0,28,2,0,5,2,6,1,5,1,152.0833333,1,NA,31
3,14,0,5,1,29,4,3,0,1,1,29,4,3,0,9998,9998,9998,3,1,2,1,0,1,190,1,NA,35
4,14,0,9,0,53,2,3,0,1,0,53,2,3,0,25,3,0,5,2,2,1,0,0,0,0,210,36
5,14,0,5,0,39,2,4,0,1,0,39,2,4,0,27,3,0,2,2,2,1,0,1,0,1,NA,54
6,14,0,30,1,47,5,0,0,1,1,47,5,0,0,9998,9998,9998,5,2,NA,1,NA,0,0,1,NA,36
7,14,0,0.166666667,1,26,0,4,0,1,1,26,0,4,0,9998,9998,9998,3,2,4,1,140,0,0,0,NA,35
8,14,0,6,0,9999,2,9999,0,1,0,9999,2,9999,0,58,1,0,12,4,6,0,0,0,0,1,NA,32
9,14,0,7,1,29,1,3,0,0,0,34,1,3,0,29,3,0,6,2,6,1,9999,1,0,1,NA,36
10,14,0,14,1,27,2,2,0,0,0,9999,2,3,0,27,2,0,5,2,6,1,33,1,182.5,0,2000,30
11,14,0,7,0,33,1,4,0,1,0,33,1,4,0,30,4,0,4,2,2,1,0,1,240,1,NA,35
12,14,0,20,0,55,2,4,0,1,0,55,2,4,0,43,4,0,5,4,1,1,0,0,0,1,NA,37
13,14,0,10,0,36,2,2,0,1,0,36,2,2,0,21,1,0,4,2,2,1,0,0,0,1,3000,39
14,14,0,13,0,58,2,1,0,1,0,58,2,1,0,38,1,0,5,2,3,1,57,0,0,0,1200,40
15,14,0,5,0,38,1,3,0,1,0,38,1,3,0,24,2,0,3,2,2,1,0,1,140,1,NA,40
1,14,0,0.123287671,1,37,1,3,0,0,0,39,1,9999,0,37,3,0,8,6,4,0,120,1,NA,1,NA,41
2,14,0,14,0,75,1,1,0,1,0,75,1,1,0,60,1,0,3,NA,2,1,0,1,141,1,NA,48
3,14,0,10,0,38,2,3,0,1,0,38,2,3,0,33,3,0,5,3,2,1,0,1,20,1,NA,41
4,14,0,10,0,38,2,2,0,1,0,38,2,2,0,27,2,0,6,3,4,0,110,1,1800,1,NA,35
5,14,0,14,0,39,2,4,0,1,0,39,2,4,0,33,4,0,4,2,4,0,120,1,NA,1,NA,33
6,14,0,6,0,37,2,3,0,1,0,37,2,3,0,32,4,0,5,2,2,1,0,1,180,1,NA,30
7,14,0,9,0,35,1,3,0,1,0,35,1,3,0,38,2,0,6,2,2,1,0,1,304.1666667,1,NA,67
8,14,0,8,0,32,4,4,0,1,0,32,4,4,0,9998,9998,9998,3,1,2,1,0,1,160,1,NA,46
9,14,0,7,0,30,2,4,0,1,0,30,2,4,0,26,4,0,3,3,3,1,100,0,0,1,NA,55
10,14,0,7,0,32,1,5,0,1,0,32,1,5,0,28,4,0,4,2,4,1,22,1,140,1,NA,30
1,15,0,5,0,31,2,2,0,1,0,31,2,2,0,24,1,0,6,2,2,1,0,0,0,1,2000,36
2,15,0,11,1,26,2,4,0,0,0,30,2,4,0,26,4,0,7,3,4,1,50,1,NA,1,NA,42
3,15,0,4,0,43,1,2,0,1,0,43,1,2,0,26,1,0,6,4,6,1,5,1,304.1666667,1,NA,45
4,15,0,10,0,53,1,2,0,1,0,53,1,2,0,43,0,0,5,2,6,1,3,1,243.3333333,1,NA,50
5,15,0,12,0,37,2,4,0,1,0,37,2,4,0,30,3,0,6,2,4,1,24,0,0,1,NA,39
6,15,0,NA,NA,NA,NA,NA,NA,NA,NA,NA,NA,NA,0,NA,NA,NA,NA,NA,NA,NA,NA,NA,NA,NA,NA,NA
7,15,0,5,0,37,2,3,0,1,0,37,2,3,0,33,1,0,3,2,4,1,5,0,0,1,NA,43
8,15,0,14,0,29,2,3,0,1,0,29,2,3,0,NA,NA,NA,5,3,4,1,45,0,0,1,NA,40
9,15,0,2,0,29,0,4,0,1,0,29,0,4,0,9998,9998,9998,2,2,6,1,6,1,60.83333333,1,NA,48
10,15,0,18,1,NA,NA,NA,NA,NA,0,9999,1,9999,0,NA,NA,NA,8,3,6,1,9999,1,91.25,1,NA,47
11,15,0,30,0,52,1,1,0,1,0,52,1,1,0,43,1,0,7,3,6,1,3,1,136.6666667,1,NA,60
12,15,0,8,0,45,2,3,0,1,0,45,2,3,0,35,2,0,7,4,2,1,0,0,0,1,NA,31
13,15,0,7,1,NA,NA,NA,NA,NA,0,35,2,4,0,NA,NA,NA,4,2,4,1,35,1,608.3333333,1,NA,32
14,15,0,17,0,49,1,4,0,1,0,49,1,4,0,32,2,0,8,3,4,1,12,1,900,1,NA,47
15,15,0,5,0,39,2,4,0,1,0,39,2,4,0,35,4,0,5,3,4,1,40,1,608.3333333,1,NA,32
1,17,0,20,0,55,1,4,0,1,0,55,1,4,0,50,3,0,5,5,1,0,0,1,3500,1,75000,30
2,17,0,27,0,46,1,4,0,1,0,46,1,4,0,43,4,0,5,4,2,1,0,1,3100,1,8750,60
3,17,0,4,1,21,2,3,0,0,0,27,2,3,0,21,3,0,4,2,2,1,0,1,179,1,NA,44
4,17,0,0.04109589,0,33,1,5,0,1,0,33,1,5,0,31,3,0,4,2,4,0,3,0,0,1,NA,47
5,17,0,4,1,23,2,3,0,0,0,29,2,3,0,23,3,0,4,2,4,1,20,1,60.83333333,1,NA,40
6,17,0,4,1,26,2,3,0,0,0,27,2,4,0,26,3,0,3,2,4,1,24,1,NA,1,NA,55
7,17,0,3,0,25,2,3,0,1,0,25,2,3,0,22,3,0,3,2,4,1,20,1,608.3333333,1,NA,30
8,17,0,10,0,39,1,4,0,1,0,39,1,4,0,34,4,0,6,3,2,1,0,1,NA,1,NA,45
9,17,0,20,0,20,1,4,0,1,0,20,1,4,0,20,4,0,8,5,4,1,11,1,456.25,1,NA,33
10,17,0,6,0,28,2,4,0,1,0,28,2,4,0,23,3,0,5,2,4,1,7,1,243.3333333,1,NA,32
11,17,0,5,0,29,2,4,0,1,0,29,2,4,0,23,3,0,4,2,4,1,11,1,304.1666667,1,NA,40
12,17,0,5,0,29,2,4,0,1,0,29,2,4,0,27,4,0,5,2,3,0,32,1,360,1,NA,35
13,17,0,5,0,38,1,3,0,1,0,38,1,3,0,30,3,0,7,4,4,1,9,1,200,1,NA,30
14,17,0,5,0,26,1,4,0,1,0,26,1,4,0,26,4,0,5,2,4,0,40,0,0,1,NA,50
15,17,0,12,1,30,1,1,0,0,0,35,1,3,0,30,1,0,5,2,4,1,20,1,60.83333333,1,NA,47
1,15,0,4,1,35,1,4,0,0,0,37,1,4,0,35,4,0,5,2,2,1,0,1,185,1,NA,40
2,15,0,10,0,9999,2,9999,1,1,0,9999,2,9999,1,9999,0,0,6,NA,4,1,14,0,0,1,NA,46
3,15,0,12,1,9999,2,1,0,0,0,9999,2,9999,0,9999,1,0,3,NA,4,1,140,0,0,1,NA,34
4,15,0,18,0,9999,1,2,0,1,0,9999,1,2,0,NA,NA,NA,7,3,6,1,3,0,0,1,NA,39
5,15,0,6,1,25,1,9999,0,0,0,42,1,9999,0,25,9999,0,6,4,6,1,6,0,0,1,NA,40
6,15,0,10,0,49,1,4,0,1,0,49,1,4,0,38,9999,0,7,2,4,1,37,1,360,1,NA,35
7,15,0,20,0,63,1,4,0,1,0,63,1,4,0,48,2,0,3,2,3,1,24,1,360,1,11342,46
8,15,0,7,0,50,2,3,0,1,0,50,2,3,0,28,3,0,5,2,2,1,0,1,50,0,NA,37
9,15,0,10,0,45,2,3,0,1,0,45,2,3,0,22,2,0,6,3,2,1,0,0,0,1,7500,45
10,15,0,5,0,40,1,4,0,1,0,40,1,4,0,38,4,0,6,4,2,1,0,0,0,1,NA,33
11,15,0,1,0,53,1,4,0,1,0,53,1,4,0,45,4,0,7,4,6,1,5,1,304.1666667,1,NA,36
12,15,0,10,1,53,5,0,0,1,1,53,5,0,0,9998,9998,9998,5,3,6,1,11,1,304.1666667,1,NA,45
13,15,0,18,1,40,1,4,0,0,0,45,1,2,0,40,4,0,7,5,6,1,0,0,0,1,NA,53
14,15,0,5,1,NA,NA,NA,NA,NA,0,37,1,4,0,NA,NA,NA,7,5,4,1,3,1,NA,1,NA,37
15,15,0,4,0,40,1,3,0,1,0,40,1,3,0,29,2,0,4,2,6,1,9999,1,180,1,NA,36
1,13,0,10,0,40,1,2,0,1,0,40,1,2,0,38,0,0,6,2,2,1,0,1,150,1,NA,32
2,17,0,9,0,30,4,4,0,1,0,30,4,4,0,9998,9998,9998,3,1,3,1,12,1,500,0,2000,31
3,17,0,5,1,27,2,3,0,0,0,32,2,4,0,27,3,0,4,2,4,1,18,1,608.3333333,1,NA,35
4,17,0,4,1,27,2,4,0,0,0,29,2,3,0,27,4,0,4,2,6,1,60,1,608.3333333,1,NA,35
5,17,0,3,1,29,2,3,0,0,0,32,2,4,0,29,3,0,5,2,6,1,50,1,456.25,1,NA,39
6,17,0,8,1,52,5,0,0,1,1,52,5,0,0,9998,9998,9998,5,5,4,1,7,0,0,1,NA,31
7,17,0,7,0,30,1,4,0,1,0,30,1,4,0,28,3,0,6,3,4,1,11,1,456.25,1,NA,31
8,17,0,20,0,43,1,2,0,1,0,43,1,2,0,30,1,0,7,3,4,1,7,1,182.5,1,NA,42
9,17,0,10,0,42,2,4,0,1,0,42,2,4,0,39,4,0,6,5,2,1,0,1,373,1,NA,46
10,17,0,40,1,50,5,1,0,1,1,50,5,1,0,9998,9998,9998,3,3,3,1,9999,1,60.83333333,0,1500,30
11,17,0,7,0,42,1,2,0,1,0,42,1,2,0,35,1,0,7,3,4,1,5,0,0,1,NA,35
12,17,0,1,0,38,1,4,0,1,0,38,1,4,0,28,4,0,5,3,4,0,21,1,91.25,1,NA,60
13,17,0,3,1,29,2,3,0,0,0,31,2,3,0,29,3,0,3,2,2,1,0,1,0,1,NA,33
14,17,0,1,1,29,4,3,0,1,1,29,4,3,0,9998,9998,9998,2,1,2,1,0,1,197,1,NA,45
15,17,0,5,1,25,2,3,0,0,0,29,2,4,0,25,3,0,4,2,4,1,40,1,NA,1,NA,40
1,16,0,26,0,44,1,1,0,1,0,44,1,1,0,35,2,0,4,4,6,1,9999,1,60.83333333,1,NA,50
2,16,0,4,1,23,2,4,0,0,0,27,2,4,0,23,4,0,3,2,3,1,35,1,30.41666667,1,NA,33
3,16,0,10,0,44,1,5,1,1,0,44,1,5,1,39,4,0,3,3,2,1,0,1,1500,1,35000,47
4,16,0,30,1,52,5,1,0,1,1,52,5,1,0,9998,9998,9998,4,4,3,1,40,0,0,0,3500,30
5,16,0,20,0,53,1,1,0,1,0,53,1,1,0,49,9999,0,4,3,3,1,25,1,300,1,NA,37
6,16,0,10,0,37,2,5,0,1,0,37,2,5,0,30,4,0,5,3,1,1,0,1,433,1,45700,43
7,16,0,10,0,54,1,1,0,1,0,54,1,1,0,42,0,0,5,3,3,1,61,1,304.1666667,1,NA,33
8,16,0,6,0,42,2,3,0,1,0,42,2,3,0,NA,NA,NA,5,4,6,1,35,1,608.3333333,1,NA,35
9,16,0,24,0,44,2,1,0,1,0,44,2,1,0,35,2,0,8,5,6,1,60,1,30,1,NA,37
10,16,0,1,0,29,1,4,0,1,0,29,1,4,0,26,4,0,5,2,5,1,3,1,60.83333333,1,15000,46
11,16,0,5,0,42,1,0,0,1,0,42,1,0,0,36,1,0,6,3,4,1,26,1,60.83333333,1,10000,37
12,16,0,7,0,39,2,4,0,1,0,39,2,4,0,37,3,0,4,2,6,1,60,1,608.3333333,1,NA,44
13,16,0,9,0,30,1,4,0,1,0,30,1,4,0,25,3,0,5,2,3,1,11,1,608.3333333,1,3500,40
14,16,0,4,0,29,0,2,0,1,0,29,0,2,0,9998,9998,9998,2,2,3,1,31,1,304.1666667,1,NA,31
15,16,0,6,1,34,2,4,0,0,0,36,2,4,0,34,4,0,4,2,3,1,29,1,60.83333333,1,NA,32
1,10,0,2,0,24,2,3,0,1,0,24,2,3,0,23,2,0,6,3,4,0,70,1,304.1666667,1,NA,54
2,14,0,4,0,34,1,5,0,1,0,34,1,5,0,27,5,0,4,3,6,1,5,1,623.3333333,1,NA,67
3,15,0,20,0,45,1,4,0,1,0,45,1,4,0,39,4,1,11,5,6,0,3,1,25,1,NA,35
4,15,0,4,0,40,1,5,0,1,0,40,1,5,0,30,4,0,6,3,2,1,0,1,400,1,22000,31
5,15,0,4,1,27,2,4,0,0,0,32,2,4,0,27,4,0,4,2,2,1,0,1,NA,1,NA,50
6,15,0,7,1,43,5,4,0,1,1,43,5,4,0,9998,9998,9998,2,1,2,1,0,1,155,1,NA,39
7,15,0,14,0,38,2,3,0,1,0,38,2,3,0,33,1,0,5,3,2,0,0,1,150,1,5000,43
8,15,0,0.5,1,28,4,4,0,1,1,28,4,4,0,9998,9998,9998,4,1,4,1,2,1,182.5,1,8000,31
9,15,0,4,0,42,2,4,0,1,0,42,2,4,0,39,4,0,4,3,4,1,23,1,0,1,NA,41
10,15,0,8,1,42,0,1,0,1,1,42,0,1,0,9998,9998,9998,2,2,4,1,35,1,240,1,NA,44
11,16,0,7,0,36,1,3,0,1,0,36,1,3,0,NA,NA,NA,7,3,4,1,9,0,0,1,NA,33
12,16,0,5,0,44,1,9999,0,1,0,44,1,9999,0,32,1,0,5,2,4,1,45,1,1060,1,NA,38
13,16,0,0.25,0,23,0,4,0,1,0,23,0,4,0,9998,9998,9998,3,3,6,1,3,1,60.83333333,0,500,37
14,16,0,8,0,38,2,3,0,1,0,38,2,3,0,38,4,0,4,3,4,1,80,1,304.1666667,1,NA,33
15,16,0,14,0,25,1,9999,0,1,0,25,1,9999,0,20,1,0,5,2,4,0,110,1,60.83333333,0,5000,31
1,17,0,1,1,30,5,2,0,1,1,30,5,2,0,9998,9998,9998,2,1,4,1,2,0,0,0,NA,34
2,17,0,4,0,9999,1,3,0,1,0,9999,1,3,0,29,2,0,6,1,6,0,0,0,0,1,NA,35
3,17,0,16,1,27,1,2,0,0,0,29,1,9999,0,27,2,0,8,4,6,1,12,1,300,1,NA,41
4,17,0,7,0,9999,1,9999,0,1,0,9999,1,9999,0,29,2,0,7,2,4,1,2,0,0,0,3400,40
5,17,0,3,0,30,2,NA,0,1,0,30,2,NA,0,27,3,0,5,2,6,1,30,0,0,1,NA,38
6,17,0,14,0,29,2,9999,0,1,0,29,2,9999,0,27,2,0,10,4,6,1,122,1,350,1,NA,46
7,17,0,12,1,27,2,1,0,0,0,32,2,4,0,27,1,0,9,2,6,1,16,0,0,1,NA,43
8,17,0,9,1,27,2,3,0,0,0,29,2,4,0,27,3,0,5,2,6,1,18,0,0,1,NA,35
9,17,0,10,1,21,4,1,0,1,1,21,4,1,0,9998,9998,9998,7,1,4,1,11,1,121.6666667,0,100,30
10,17,0,4,0,34,2,3,0,1,0,34,2,3,0,25,2,0,6,3,6,1,11,1,304.1666667,1,NA,40
11,17,0,4,0,23,1,4,0,1,0,23,1,4,0,21,3,0,6,4,4,1,11,0,0,1,NA,30
12,17,0,5,0,27,2,3,0,1,0,27,2,3,0,21,4,0,7,2,2,1,15,1,180,1,NA,46
13,17,0,7,0,37,2,4,0,1,0,37,2,4,0,27,3,0,5,2,4,1,12,1,180,1,NA,45
14,17,0,25,0,63,1,1,0,1,0,63,1,1,0,50,9999,0,6,4,3,1,25,1,360,1,NA,36
15,17,0,4,1,27,2,3,0,0,0,29,2,3,0,27,3,0,4,2,6,1,20,0,0,1,NA,47
1,16,0,2,0,35,2,1,0,1,0,35,2,1,0,27,1,0,11,2,6,1,35,1,456.25,1,NA,32
2,16,0,46,1,70,5,1,0,1,1,70,5,1,0,9998,9998,9998,12,5,3,0,4,1,30.41666667,1,2000,41
3,16,0,30,0,70,2,3,0,1,0,70,2,3,0,50,2,0,9,8,2,1,0,0,0,0,3000,49
4,16,0,11,0,30,2,4,0,1,0,30,2,4,0,22,3,0,4,2,2,0,0,0,0,1,2750,65
5,16,0,3,0,35,1,1,0,1,0,35,1,1,0,27,1,0,9,3,6,1,30,1,30.41666667,1,NA,32
6,16,0,4,0,34,4,4,0,1,0,34,4,4,0,9998,9998,9998,3,1,6,1,9999,1,608.3333333,1,NA,42
7,16,0,5,0,30,1,4,0,1,0,30,1,4,0,29,4,0,3,2,6,1,40,1,NA,1,NA,30
8,16,0,10,1,40,3,9999,0,1,1,40,3,9999,0,9998,9998,9998,5,2,4,1,25,1,900,1,NA,53
9,16,0,10,1,30,0,3,0,1,1,30,0,3,0,9998,9998,9998,10,7,3,1,7,1,623.3333333,1,NA,48
10,16,0,5,0,43,1,3,0,1,0,43,1,3,0,26,0,0,7,3,3,1,20,1,35,1,NA,46
11,16,0,7,0,34,1,2,0,1,0,34,1,2,0,23,1,0,4,2,3,1,16,1,30,1,NA,35
12,16,0,5,1,31,1,2,0,0,0,40,1,3,0,31,2,0,5,3,2,1,0,1,NA,1,NA,48
13,16,0,15,0,55,1,2,0,1,0,55,1,2,0,46,9999,0,5,4,4,1,45,1,900,1,NA,39
14,16,0,2,1,25,1,3,0,0,0,28,1,4,0,25,3,0,3,2,6,1,3,1,30.41666667,1,NA,40
15,16,0,10,0,55,1,1,0,1,0,55,1,1,0,50,1,0,3,3,4,1,75,0,0,1,NA,36
1,13,0,7,1,37,4,4,0,1,1,37,4,4,0,9998,9998,9998,3,2,2,1,0,1,240,1,NA,67
2,13,0,4,0,35,1,4,0,1,0,35,1,4,0,30,4,0,4,2,1,1,0,1,0,1,NA,37
3,13,0,7,1,30,1,4,0,0,0,38,1,4,0,30,4,0,5,2,1,1,0,1,20,1,NA,47
4,13,0,10,1,42,4,4,0,0,0,23,4,4,0,9998,9998,9998,7,4,2,1,0,1,500,1,NA,40
5,13,0,7,1,39,1,4,0,0,0,45,1,4,0,39,4,0,4,4,2,1,0,1,200,1,NA,35
6,13,0,4,1,39,0,4,0,1,1,39,0,4,0,9998,9998,9998,4,4,1,1,0,1,250,1,NA,35
7,13,0,20,0,52,1,4,0,1,0,52,1,4,0,48,4,0,4,3,2,1,0,1,502,1,NA,34
8,13,0,3,0,29,2,2,0,1,0,29,2,2,0,26,1,0,3,2,4,1,35,1,100,1,NA,34
9,13,0,6,1,35,3,4,0,1,1,35,3,4,0,9998,9998,9998,2,2,2,1,0,1,200,1,NA,40
10,13,0,4,1,31,1,4,0,0,0,40,1,4,0,31,4,0,3,2,1,1,0,1,0,1,NA,33
11,13,0,4,0,42,0,4,0,1,0,42,0,4,0,9998,9998,9998,4,3,2,1,0,1,150,1,NA,38
12,14,0,8,1,39,1,4,0,0,0,42,1,4,0,39,4,0,4,3,2,1,0,1,350,1,NA,43
13,14,0,10,0,35,1,5,0,1,0,35,1,5,0,33,4,0,8,4,1,1,0,1,500,1,NA,64
14,14,0,6,0,60,4,4,0,1,0,60,4,4,0,9998,9998,9998,3,2,1,1,0,1,400,1,NA,34
15,14,0,10,0,37,1,4,0,1,0,37,1,4,0,27,4,0,7,4,1,1,0,0,NA,1,NA,42
1,10,0,13,0,9999,2,3,0,1,0,9999,2,3,0,27,2,0,7,1,4,0,6,0,0,0,NA,54
2,13,0,5,0,32,2,3,0,1,0,32,2,3,0,21,3,0,4,2,3,1,35,0,0,1,NA,39
3,13,0,1,0,32,1,3,0,1,0,32,1,3,0,25,2,0,9,4,4,1,7,1,304.1666667,1,3000,50
4,13,0,10,0,39,1,4,0,1,0,39,1,4,0,37,4,0,5,3,2,1,0,1,180,1,3000,54
5,13,0,5,1,37,0,4,0,1,1,37,0,4,0,9998,9998,9998,4,2,3,1,45,1,310,1,NA,35
6,13,0,1,0,33,1,3,0,1,0,33,1,3,0,25,2,0,9,3,4,1,5,1,30.41666667,1,3000,49
7,13,0,1,0,30,2,2,0,1,0,30,2,2,0,24,3,0,7,2,4,1,6,1,60.83333333,1,NA,31
8,13,0,8,0,42,1,4,0,1,0,42,1,4,0,39,4,0,8,4,2,1,0,1,304.1666667,1,3000,30
9,13,0,6,0,33,2,3,0,1,0,33,2,3,0,28,4,0,4,2,2,1,0,1,0,1,NA,34
10,13,0,1,0,27,2,4,0,1,0,27,2,4,0,22,3,0,7,3,3,1,45,0,0,1,NA,43
11,13,0,2,0,27,2,4,0,1,0,27,2,4,0,21,4,0,5,2,2,1,0,1,240,1,NA,33
12,13,0,5,1,29,1,2,0,0,0,34,1,4,0,29,2,0,4,2,2,1,0,0,0,1,NA,32
13,13,0,1,0,37,1,4,0,1,0,37,1,4,0,35,3,0,4,2,2,1,0,1,NA,1,NA,38
14,14,0,20,1,34,1,3,0,0,0,43,1,3,0,34,3,0,5,3,2,1,0,1,170,1,3000,31
15,14,0,18,0,53,2,1,1,1,0,53,2,1,1,42,1,0,6,3,3,1,9999,0,0,1,NA,45
1,13,0,33,0,48,1,2,0,1,0,48,1,2,0,43,0,0,6,3,4,1,121,0,0,0,NA,38
2,13,0,0.166666667,0,27,1,3,0,1,0,27,1,3,0,22,2,0,2,2,3,0,20,0,0,0,500,47
3,13,0,2.5,0,55,2,3,0,1,0,55,2,3,0,38,3,0,2,2,3,1,9999,0,0,1,2607.142857,51
4,13,0,0.166666667,0,22,2,3,0,1,0,22,2,3,0,21,3,0,3,2,3,1,9999,0,0,0,1000,48
5,13,0,5,1,34,3,3,0,1,1,34,3,3,0,9998,9998,9998,3,1,4,1,12,0,0,0,NA,34
6,13,0,30,0,45,1,1,0,1,0,45,1,1,0,37,0,0,4,2,4,1,3,1,30,1,NA,40
7,13,0,9,1,41,0,4,0,1,1,41,0,4,0,9998,9998,9998,4,3,2,1,0,1,165,1,NA,55
8,13,0,8,0,45,1,2,0,1,0,45,1,2,0,38,2,0,6,2,2,1,0,1,150,1,3000,54
9,13,0,4,0,32,1,5,0,1,0,32,1,5,0,24,4,0,4,2,2,1,0,0,0,1,7500,61
10,13,0,20,0,53,1,0,0,1,0,53,1,0,0,40,0,0,3,3,4,1,11,0,0,1,NA,65
11,13,0,22,0,34,0,4,0,0,1,51,0,1,0,9998,9998,9998,5,5,2,1,0,0,0,0,NA,35
12,14,0,39,0,52,2,4,0,1,0,52,2,4,0,39,3,0,7,3,3,1,11,0,0,1,5500,47
13,14,0,5,0,39,1,5,0,1,0,39,1,5,0,28,5,0,3,2,1,1,0,0,0,1,NA,31
14,14,0,33,1,43,5,2,1,1,1,43,5,2,1,9998,9998,9998,4,4,2,1,0,1,100,0,1500,47
15,14,0,3,0,NA,NA,NA,NA,NA,1,38,3,3,0,9998,9998,9998,4,2,4,1,9999,1,182.5,0,3041.666667,53
1,8,0,25,0,54,2,4,0,1,0,54,2,4,0,45,1,0,4,2,2,1,0,1,860,1,12000,38
2,10,0,2,1,22,1,4,0,0,0,24,1,3,0,22,4,0,4,2,6,0,9999,0,0,1,NA,85
3,10,0,4,1,45,1,2,0,0,0,9999,1,9999,0,45,2,0,4,1,2,1,0,1,0,1,NA,35
4,10,0,20,0,50,2,9999,0,1,0,50,2,9999,0,9999,9999,0,3,2,3,1,35,1,152.0833333,0,NA,37
5,10,0,8,0,9999,2,1,0,1,0,9999,2,1,0,9999,0,0,6,NA,2,1,0,1,350,1,2000,32
6,10,0,15,1,33,2,2,0,0,0,42,2,3,0,33,2,0,8,2,2,1,0,0,0,1,NA,35
7,10,0,10,0,41,2,4,0,1,0,41,2,4,0,32,3,0,5,2,5,1,3,0,0,1,91250,38
8,10,0,12,0,52,0,4,0,1,0,52,0,4,0,9998,9998,9998,6,3,2,1,0,1,627,1,NA,54
9,10,0,10,0,26,2,4,0,1,0,26,2,4,0,24,3,0,6,3,NA,1,NA,0,0,0,NA,45
10,10,0,9,0,50,1,9999,0,1,0,50,1,9999,0,9999,9999,0,7,4,5,1,0,0,0,1,NA,67
11,10,0,10,1,52,0,NA,0,1,1,52,0,NA,0,9998,9998,9998,2,2,5,0,20,1,91.25,0,NA,75
12,10,0,3,0,41,2,4,0,1,0,41,2,4,0,25,2,0,5,3,1,0,0,1,300,1,NA,35
13,11,0,19,0,32,1,4,0,1,0,32,1,4,0,28,3,0,5,3,3,1,5,1,152.0833333,1,NA,40
14,11,0,4,0,31,1,4,0,1,0,31,1,4,0,21,4,0,8,2,6,1,3,1,60.83333333,1,NA,40
15,11,0,19,1,34,2,4,0,0,0,55,2,9999,0,34,4,0,6,5,2,1,0,1,374,1,25000,43
1,13,1,39,0,52,2,1,0,1,0,52,2,1,0,32,0,0,10,5,5,0,25,1,10,0,3300,63
2,13,1,20,0,42,2,3,0,1,0,42,2,3,0,33,1,0,7,7,5,0,25,0,0,0,NA,68
3,13,1,14,0,38,2,1,0,1,0,38,2,1,0,26,1,0,5,2,5,0,485,0,0,1,NA,46
4,13,1,10,0,29,2,4,0,1,0,29,2,4,0,22,2,0,4,2,5,0,12,1,10,0,4562.5,43
5,13,1,30,0,61,1,1,0,1,0,61,1,1,0,38,1,0,4,3,5,1,23,0,0,0,NA,42
6,13,1,3,0,39,2,2,0,1,0,39,2,2,0,31,2,0,3,3,5,1,35,1,100,0,434.5238095,45
7,13,1,3,0,24,1,4,0,1,0,24,1,4,0,18,3,0,6,3,5,0,70,1,20,1,7000,60
8,13,1,1,1,30,2,4,0,0,0,35,2,4,0,30,4,0,2,2,5,1,50,1,10,0,NA,37
9,13,1,14,0,68,1,1,0,1,0,68,1,1,0,49,3,0,5,3,5,1,90,0,0,0,NA,45
10,13,1,7,0,57,1,4,0,1,0,57,1,4,0,39,1,0,4,2,5,0,10,1,10,0,NA,38
11,13,1,3,0,30,1,4,0,1,0,30,1,4,0,21,1,0,5,2,5,0,15,1,10,0,3000,50
12,13,1,4,1,27,2,2,0,0,0,28,2,9999,0,27,2,0,5,3,5,1,250,1,10,0,1000,40
13,13,1,6,0,45,2,3,0,1,0,45,2,3,0,32,2,0,5,3,5,1,20,1,10,0,NA,49
14,13,1,5,1,40,0,0,0,1,1,40,0,0,0,9998,9998,9998,4,1,5,0,15,0,0,0,250,56
15,13,1,20,0,60,2,1,0,1,0,60,2,1,0,50,1,0,3,2,5,1,25,1,10,0,600,35
1,14,1,1,0,42,2,2,0,1,0,42,2,2,0,21,2,0,4,2,6,0,100,1,3,0,NA,60
2,14,1,3,0,33,2,2,0,1,0,33,2,2,0,30,0,0,4,2,6,1,2,0,0,0,NA,33
3,14,1,1,1,25,1,1,0,0,0,30,1,2,0,25,1,0,6,3,6,0,9,1,360,0,NA,52
4,14,1,1,0,56,2,1,0,1,0,56,2,1,0,50,1,0,3,2,5,1,5,1,10,0,NA,46
5,14,1,2,0,53,2,1,0,1,0,53,2,1,0,42,1,0,5,2,6,0,10,0,0,0,NA,43
6,14,1,0.916666667,0,32,2,1,0,1,0,32,2,1,0,22,2,0,4,2,6,0,7,0,0,0,NA,42
7,14,1,3,0,40,2,0,0,1,0,40,2,0,0,39,2,0,5,2,6,0,4,0,0,0,NA,55
8,14,1,1,0,34,2,4,0,1,0,34,2,4,0,25,2,0,4,3,6,0,3,0,0,0,6083.333333,33
9,14,1,2,1,38,2,1,0,0,0,42,2,3,0,38,1,0,4,3,5,0,50,1,10,0,1500,45
10,14,1,1,0,22,2,2,0,1,0,22,2,2,0,21,0,0,4,2,6,1,3,0,0,0,NA,41
11,14,1,14,1,60,5,0,0,1,1,60,5,0,0,9998,9998,9998,3,NA,6,0,42,0,0,0,NA,32
12,14,1,5,1,35,0,2,0,1,1,35,0,2,0,9998,9998,9998,3,2,6,1,90,0,0,0,NA,30
13,14,1,1,0,25,2,9999,0,1,0,25,2,9999,0,20,0,0,5,2,6,0,70,0,0,0,NA,35
14,14,1,14,0,43,2,2,0,1,0,43,2,2,0,43,1,0,4,2,6,0,23,0,0,0,NA,39
15,14,1,49,0,65,5,1,0,1,0,65,5,1,0,9998,9998,9998,1,NA,6,1,80,0,0,0,386.9047619,40
1,13,1,2,0,42,1,3,0,1,0,42,1,3,0,39,1,0,9,4,5,0,25,0,0,0,NA,59
2,13,1,7,0,33,2,4,0,1,0,33,2,4,0,28,4,0,5,2,5,0,25,0,0,1,NA,49
3,13,1,2,1,20,2,3,0,0,0,24,2,4,0,20,3,0,6,4,5,0,450,1,10,1,NA,50
4,13,1,0.25,1,56,0,1,1,1,1,56,0,1,1,9998,9998,9998,3,2,5,1,20,1,10,0,NA,47
5,13,1,40,0,54,1,1,0,1,0,54,1,1,0,52,1,0,4,3,5,1,260,1,10,0,NA,30
6,14,1,1,0,29,2,1,0,1,0,29,2,1,0,28,1,0,8,3,7,0,95,0,0,0,NA,45
7,14,1,2,0,19,2,2,0,1,0,19,2,2,0,16,2,0,2,2,5,0,70,1,10,0,1000,52
8,14,1,4,0,37,2,1,0,1,0,37,2,1,0,20,0,0,3,2,5,0,80,0,0,0,NA,42
9,14,1,8,0,30,2,3,0,1,0,30,2,3,0,40,4,0,8,4,5,0,25,0,0,0,200,36
10,14,1,32,0,73,1,1,0,1,0,73,1,1,0,69,0,0,6,2,5,1,4,1,10,0,NA,40
11,14,1,3,1,34,2,0,0,0,0,40,2,9999,0,34,0,0,5,2,6,0,80,0,0,0,NA,40
12,14,1,2,0,27,2,3,0,1,0,27,2,3,0,29,0,0,4,2,5,1,64,1,10,0,NA,36
13,14,1,3,0,51,2,1,0,1,0,51,2,1,0,39,1,0,5,3,5,1,300,0,0,0,NA,64
14,14,1,1,0,75,2,0,0,1,0,75,2,0,0,71,0,0,2,NA,5,1,0,0,0,0,4100,44
15,14,1,NA,NA,NA,NA,NA,NA,NA,NA,NA,NA,NA,0,NA,NA,NA,NA,NA,NA,NA,NA,NA,NA,NA,NA,NA
1,13,1,3,0,22,2,2,0,1,0,22,2,2,0,20,1,0,3,2,6,0,18,1,5,0,1000,61
2,15,1,0.5,0,56,2,1,0,1,0,56,2,1,0,27,0,0,5,2,5,0,31,1,10,0,3000,35
3,15,1,4,0,45,2,2,0,1,0,45,2,2,0,30,1,0,6,3,5,1,8,1,10,0,500,55
4,18,1,5,0,42,2,3,0,1,0,42,2,3,0,39,2,0,5,4,5,1,45,1,10,0,NA,30
5,18,1,10,0,35,2,4,0,1,0,35,2,4,0,22,1,0,5,2,5,1,10,1,10,0,NA,30
6,19,1,13,0,18,2,0,0,1,0,18,2,0,0,17,1,0,3,2,5,0,41,1,10,0,200,40
7,19,1,1,0,20,2,3,0,1,0,20,2,3,0,19,3,0,5,2,5,1,26,1,10,0,1520.833333,37
8,19,1,20,1,68,5,0,0,1,1,68,5,0,0,9998,9998,9998,2,1,5,1,24,0,0,0,100,30
9,19,1,10,0,32,2,3,0,1,0,32,2,3,0,25,1,0,5,2,5,0,180,0,0,0,NA,40
10,19,1,4,0,35,2,1,0,1,0,35,2,1,0,28,0,0,4,2,5,1,13,1,10,0,1500,42
11,20,1,17,0,61,2,2,0,1,0,61,2,2,0,44,1,0,5,2,5,0,13,0,0,0,NA,69
12,20,1,0.166666667,0,35,2,1,0,1,0,35,2,1,0,NA,NA,NA,5,2,5,1,32,1,10,0,NA,49
13,20,1,0.008219178,0,33,2,1,0,1,0,33,2,1,0,32,1,0,4,3,6,0,11,1,5,0,NA,46
14,20,1,1,0,22,2,2,0,1,0,22,2,2,0,NA,NA,NA,3,2,5,1,12,0,0,0,NA,48
15,20,1,3,0,35,1,1,0,1,0,35,1,1,0,32,1,0,3,2,5,0,9,1,10,0,NA,39
1,17,1,3,0,35,2,2,0,1,0,35,2,2,0,32,1,0,5,2,5,0,32,1,10,0,2000,40
2,17,1,8,0,42,2,1,0,1,0,42,2,1,0,37,0,0,8,2,5,1,12,0,0,0,NA,35
3,17,1,1,0,30,2,1,0,1,0,30,2,1,0,21,1,0,4,2,5,1,43,1,10,0,1825,30
4,17,1,5,0,23,2,4,0,1,0,23,2,4,0,22,4,0,4,2,5,1,13,1,10,0,7604.166667,45
5,17,1,0.019178082,0,43,2,1,0,1,0,43,2,1,0,34,1,0,6,2,5,1,16,1,10,0,434.5238095,30
6,17,1,2,0,30,1,4,0,1,0,30,1,4,0,26,4,0,7,3,5,1,25,1,10,1,5000,36
7,17,1,4,0,60,2,9999,0,1,0,60,2,9999,0,40,9999,0,6,3,5,1,40,0,0,0,NA,35
8,17,1,6,1,30,0,1,0,1,1,30,0,1,0,9998,9998,9998,6,3,5,0,26,0,0,0,NA,40
9,17,1,3,0,25,2,2,0,1,0,25,2,2,0,18,1,0,6,3,5,0,14,0,0,1,NA,30
10,17,1,1,1,19,2,2,0,0,0,25,2,2,0,19,2,0,3,2,5,0,7,0,0,0,NA,41
11,17,1,6,0,38,2,2,0,1,0,38,2,2,0,32,0,0,6,2,6,0,0,1,10,0,NA,38
12,17,1,25,0,70,1,4,0,1,0,70,1,4,0,57,1,0,6,3,5,1,20,1,10,1,NA,35
13,17,1,10,1,18,4,2,0,1,1,18,4,2,0,9998,9998,9998,3,2,6,1,15,1,10,0,NA,33
14,17,1,0.25,1,27,0,9999,0,1,1,27,0,9999,0,9998,9998,9998,3,1,9,0,41,0,0,0,NA,32
15,17,1,5,1,20,1,0,0,0,0,26,1,0,0,20,0,0,6,3,5,0,14,0,0,0,NA,40
1,16,1,10,0,47,1,1,0,1,0,47,1,1,0,40,1,0,4,2,5,0,34,1,10,1,NA,41
2,16,1,4,0,32,2,4,0,1,0,32,2,4,0,23,4,0,10,5,5,0,17,1,10,1,NA,45
3,16,1,2,0,31,0,1,0,1,0,31,0,1,0,9998,9998,9998,4,2,5,1,6,1,10,0,1500,32
4,16,1,3,0,26,0,4,0,1,0,26,0,4,0,9998,9998,9998,3,2,6,1,5,1,0,0,6083.333333,43
5,16,1,26,0,28,1,4,0,1,0,28,1,4,0,31,2,0,9,4,5,0,25,1,10,1,3000,46
6,16,1,8,0,38,2,4,0,1,0,38,2,4,0,28,4,0,7,2,5,1,23,1,10,1,10000,41
7,16,1,2,0,29,2,2,0,1,0,29,2,2,0,23,1,0,5,2,5,1,123,1,10,0,2828.75,50
8,16,1,4,1,20,2,3,0,0,0,30,2,4,0,20,3,0,4,3,5,0,21,1,20,1,NA,41
9,16,1,7,0,32,2,3,0,1,0,32,2,3,0,15,1,0,4,2,5,0,61,1,20,1,NA,51
10,16,1,11,0,52,2,2,0,1,0,52,2,2,0,35,1,0,4,4,5,0,23,1,10,0,8400,31
11,16,1,16,0,49,2,3,0,1,0,49,2,3,0,47,2,0,7,2,5,0,15,1,10,0,6.416666667,30
12,16,1,5,0,32,2,2,0,1,0,32,2,2,0,24,1,0,6,3,5,1,13,1,10,1,NA,45
13,16,1,19,1,38,2,1,0,0,0,40,2,1,0,38,1,0,7,3,5,1,10,1,10,0,1000,44
14,16,1,6,1,25,2,3,0,0,0,35,2,4,0,25,3,0,7,3,5,1,11,1,10,0,2600,41
15,16,1,16,0,40,1,1,0,1,0,40,1,1,0,30,0,0,7,4,5,1,6,1,10,0,NA,45
1,14,1,29,0,42,1,2,0,1,0,42,1,2,0,37,2,0,12,7,5,1,4,1,10,1,NA,40
2,14,1,4,1,28,2,1,0,0,0,35,0,4,0,9998,9998,9998,4,2,5,1,24,0,0,0,NA,34
3,14,1,2,0,27,2,4,0,1,0,27,2,4,0,20,2,0,5,2,6,1,4,1,10,0,NA,40
4,15,1,0.166666667,0,24,2,1,0,1,0,24,2,1,0,22,1,0,4,2,5,1,13,1,10,0,NA,40
5,15,1,5,0,30,1,1,0,1,0,30,1,1,0,27,2,0,4,3,5,1,13,1,10,0,NA,38
6,15,1,0.333333333,0,22,2,3,0,1,0,22,2,3,0,20,4,0,4,2,5,0,10,1,10,0,NA,40
7,15,1,4,0,52,1,1,0,1,0,52,1,1,0,50,0,0,5,4,5,1,7,1,10,0,NA,50
8,15,1,5,0,30,1,4,0,1,0,30,1,4,0,18,1,0,5,2,5,1,8,1,10,0,NA,42
9,15,1,2,1,29,2,1,0,0,0,35,2,1,0,29,1,0,5,3,5,1,8,1,10,0,600,30
10,15,1,3,1,32,2,1,0,0,0,35,2,2,0,32,1,0,5,4,5,0,25,1,10,0,1500,40
11,15,1,2,0,46,1,4,0,1,0,46,1,4,0,30,3,0,5,3,5,1,32,0,0,0,NA,53
12,15,1,3,0,45,2,1,0,1,0,45,2,1,0,32,1,0,5,2,5,0,61,1,10,0,NA,43
13,15,1,2,0,28,2,1,0,1,0,28,2,1,0,22,1,0,6,2,5,0,34,0,0,0,NA,30
14,15,1,2,0,18,0,2,0,1,0,18,0,2,0,9998,9998,9998,4,4,5,1,61,1,10,0,NA,32
15,15,1,4,0,35,2,1,0,1,0,35,2,1,0,29,1,0,7,5,5,0,21,1,0,0,100,54
1,19,1,15,0,22,2,4,0,1,0,22,2,4,0,19,2,0,4,2,5,0,25,1,0,1,NA,30
2,19,1,13,0,36,2,3,0,1,0,36,2,3,0,23,3,0,6,2,5,0,34,1,10,1,NA,40
3,19,1,15,0,46,1,1,0,1,0,46,1,1,0,38,1,0,4,2,6,1,124,0,0,0,NA,30
4,19,1,6,0,39,2,4,0,1,0,39,2,4,0,28,2,0,10,4,6,0,3,0,0,1,NA,43
5,19,1,15,1,46,1,0,0,0,0,47,1,3,0,46,0,0,3,3,6,0,20,1,2,0,2800,35
6,19,1,20,0,33,2,3,0,1,0,33,2,3,0,25,3,0,8,3,5,0,9,0,0,1,NA,30
7,19,1,16,0,40,1,1,0,1,0,40,1,1,0,35,1,0,5,3,6,0,3,0,0,0,NA,34
8,19,1,15,0,25,1,3,0,1,0,25,1,3,0,20,3,0,14,7,5,1,10,1,10,0,NA,46
9,20,1,7,0,42,1,3,0,1,0,42,1,3,0,39,3,0,6,4,5,1,70,1,10,0,NA,51
10,20,1,4,0,62,1,4,0,1,0,62,1,4,0,46,3,0,7,4,5,1,30,0,0,1,NA,55
11,20,1,20,0,32,1,1,0,1,0,32,1,1,0,52,0,0,6,3,6,1,3,0,0,0,NA,45
12,20,1,20,0,50,1,1,0,1,0,50,1,1,0,45,0,0,9,5,5,1,34,0,0,1,NA,49
13,20,1,38,0,75,1,1,0,1,0,75,1,1,0,59,1,0,6,1,NA,1,0,0,0,0,NA,40
14,20,1,14,0,61,1,4,0,1,0,61,1,4,0,43,4,1,8,3,6,1,4,0,0,1,NA,50
15,20,1,30,0,64,1,0,0,1,0,64,1,0,0,45,0,0,5,2,5,1,34,0,0,0,NA,35
1,18,1,3,0,22,2,3,0,1,0,22,2,3,0,21,3,0,3,2,5,0,23,1,10,0,NA,31
2,18,1,5,0,37,2,1,0,1,0,37,2,1,0,35,1,0,2,2,5,0,8,1,10,0,600,35
3,18,1,6,0,9999,2,0,0,1,0,9999,2,0,0,9999,2,0,5,1,5,1,210,1,10,0,NA,30
4,19,1,40,0,29,2,3,0,1,0,29,2,3,0,25,1,0,8,3,5,1,65,1,10,0,500,34
5,19,1,8,0,40,2,1,0,1,0,40,2,1,0,22,0,0,4,2,5,1,62,1,10,0,NA,32
6,19,1,9,0,24,1,0,0,1,0,24,1,0,0,30,0,0,5,2,5,0,15,0,0,0,NA,35
7,19,1,3,0,30,2,3,0,1,0,30,2,3,0,20,1,0,3,2,6,1,17,0,0,0,200,34
8,19,1,4,0,45,1,1,0,1,0,45,1,1,0,38,1,0,3,2,5,1,6,1,10,0,NA,32
9,19,1,2,1,32,2,1,0,0,0,35,2,3,0,32,1,0,8,3,5,0,5,0,0,0,NA,35
10,19,1,8,1,22,2,9999,0,0,0,28,2,0,0,22,9999,0,7,2,5,0,11,1,10,0,NA,45
11,19,1,15,0,49,2,1,0,1,0,49,2,1,0,35,0,0,2,2,5,1,6,1,10,1,NA,35
12,19,1,4,0,22,2,3,0,1,0,22,2,3,0,25,3,0,4,4,6,1,3,0,0,0,NA,38
13,19,1,0.083333333,0,20,0,1,0,1,0,20,0,1,0,9998,9998,9998,1,1,5,1,23,0,0,0,608.3333333,40
14,19,1,12,0,35,2,2,0,1,0,35,2,2,0,32,0,0,5,2,5,1,62,1,10,0,NA,49
15,19,1,2,1,34,4,0,0,1,1,34,4,0,0,9998,9998,9998,8,3,5,1,62,1,10,0,2433.333333,33
1,18,1,1,0,20,2,1,0,1,0,20,2,1,0,20,1,0,3,2,5,1,11,0,0,0,NA,30
2,18,1,0.016438356,0,22,2,1,0,1,0,22,2,1,0,16,1,0,3,2,5,1,13,1,10,0,500,38
3,18,1,14,0,22,0,4,0,1,0,22,0,4,0,9998,9998,9998,5,3,5,1,14,1,0,0,3000,30
4,18,1,4,0,23,2,3,0,1,0,23,2,3,0,18,0,0,3,2,5,0,32,1,10,0,500,40
5,18,1,4,0,28,2,3,0,1,0,28,2,3,0,25,2,0,3,2,5,1,10,1,10,0,NA,32
6,18,1,2,1,63,5,9999,0,1,1,63,5,9999,0,9998,9998,9998,5,NA,5,0,11,0,0,0,NA,35
7,18,1,2,0,40,2,2,0,1,0,40,2,2,0,24,9999,0,6,3,5,0,41,1,10,0,NA,35
8,18,1,8,0,25,2,2,0,1,0,25,2,2,0,24,1,1,6,3,5,0,22,1,10,0,31937.5,43
9,18,1,2,0,56,2,1,0,1,0,56,2,1,0,51,0,0,6,3,6,0,11,1,10,0,800,38
10,18,1,18,0,43,2,1,0,1,0,43,2,1,0,39,1,0,4,3,5,1,11,1,10,0,1520.833333,30
11,19,1,21,0,59,2,1,1,1,0,59,2,1,1,83,1,0,4,2,5,0,42,1,10,0,2433.333333,32
12,19,1,10,0,35,2,1,0,1,0,35,2,1,0,28,0,0,8,3,5,1,62,1,10,0,NA,37
13,19,1,38,0,69,2,1,0,1,0,69,2,1,0,41,1,0,7,2,5,0,122,0,0,0,NA,39
14,19,1,2,0,47,2,1,0,1,0,47,2,1,0,44,0,0,3,2,5,0,32,1,10,0,2129.166667,40
15,19,1,9,0,67,2,1,0,1,0,67,2,1,0,54,1,0,4,1,5,1,65,1,10,0,200,41
1,18,1,5,0,37,2,2,0,1,0,37,2,2,0,28,1,0,5,2,5,1,65,1,10,0,400,30
2,18,1,4,0,25,2,2,0,1,0,25,2,2,0,18,1,0,3,2,5,0,85,1,10,0,200,37
3,18,1,25,0,65,2,1,0,1,0,65,2,1,0,40,1,0,6,3,5,1,80,1,10,0,NA,30
4,18,1,8,1,49,2,9999,0,0,0,60,2,0,0,49,9999,0,3,2,5,0,121,1,10,0,NA,36
5,18,1,15,0,40,2,9999,0,1,0,40,2,9999,0,32,9999,0,3,3,5,0,75,0,0,0,NA,45
6,18,1,33,0,73,3,9999,0,1,0,73,3,9999,0,9998,9998,9998,4,3,5,0,63,0,0,0,NA,40
7,18,1,8,0,35,0,1,0,1,0,35,0,1,0,9998,9998,9998,2,1,5,1,103,0,0,0,NA,35
8,18,1,2,0,22,2,3,0,1,0,22,2,3,0,19,1,0,6,3,5,0,103,1,10,0,325.8928571,36
9,18,1,9,0,35,2,0,0,1,0,35,2,0,0,34,0,0,4,2,5,1,105,1,10,0,NA,40
10,18,1,4,0,30,2,1,0,1,0,30,2,1,0,27,0,0,4,3,5,1,125,1,10,0,NA,30
11,18,1,30,1,60,5,0,0,1,1,60,5,0,0,9998,9998,9998,4,2,6,1,11,0,0,0,NA,45
12,18,1,5,0,52,2,1,0,1,0,52,2,1,0,40,0,0,5,4,5,1,5,0,0,0,NA,30
13,18,1,10,1,29,2,1,0,0,0,33,2,1,0,29,1,0,9,2,5,0,71,1,10,0,NA,36
14,18,1,12,1,27,2,0,0,0,0,30,2,9999,0,27,0,0,8,2,5,0,91,1,10,0,NA,35
15,18,1,14,0,47,2,1,0,1,0,47,2,1,0,28,1,0,4,3,5,1,5,1,10,0,200,30
1,17,1,1,0,26,2,3,0,1,0,26,2,3,0,20,3,0,6,2,5,1,23,1,10,0,500,30
2,17,1,1,0,36,2,1,0,1,0,36,2,1,0,20,1,0,3,2,5,1,13,1,10,0,1000,32
3,17,1,2,0,29,2,3,0,1,0,29,2,3,0,28,0,0,7,3,5,1,6,1,25,1,4000,32
4,17,1,3,0,36,2,1,0,1,0,36,2,1,0,32,0,0,2,2,5,1,23,1,10,0,1216.666667,31
5,17,1,0.083333333,0,35,2,1,0,1,0,35,2,1,0,25,1,0,2,2,5,1,12,1,10,0,608.3333333,34
6,17,1,4,0,40,2,2,0,1,0,40,2,2,0,28,1,0,3,2,5,1,12,1,10,0,400,35
7,17,1,1,0,25,2,9999,0,1,0,25,2,9999,0,19,2,0,3,2,5,0,13,1,20,0,4000,37
8,17,1,14,0,38,1,3,0,1,0,38,1,3,0,22,3,0,12,8,5,1,12,1,10,1,NA,45
9,17,1,0.333333333,1,25,2,1,0,0,0,30,2,1,0,25,1,0,5,2,6,0,11,0,0,0,NA,38
10,17,1,4,0,29,2,2,0,1,0,29,2,2,0,24,2,0,4,2,6,0,9,0,0,0,NA,35
11,17,1,1,0,27,1,4,0,1,0,27,1,4,0,28,0,0,8,3,6,0,11,0,0,0,4200,35
12,17,1,34,0,67,1,1,0,1,0,67,1,1,0,60,1,0,7,1,6,1,3,0,0,0,NA,36
13,17,1,1,0,26,2,4,0,1,0,26,2,4,0,23,3,0,5,2,5,1,45,1,10,1,2000,30
14,17,1,7,0,35,2,1,0,1,0,35,2,1,0,22,0,0,6,3,5,0,14,1,10,0,NA,40
15,17,1,10,0,85,1,9999,0,1,0,85,1,9999,0,42,9999,0,5,1,5,1,12,1,10,1,NA,35
1,15,1,7,1,25,3,0,0,1,1,25,3,0,0,9998,9998,9998,2,2,5,1,35,1,10,0,NA,33
2,15,1,1,0,26,2,4,0,1,0,26,2,4,0,22,3,0,5,3,5,1,11,1,35,1,NA,33
3,20,1,4,0,30,2,4,0,1,0,30,2,4,0,22,4,0,3,3,5,0,21,1,10,1,NA,45
4,20,1,6,1,40,5,3,0,1,1,40,5,3,0,9998,9998,9998,6,1,5,0,21,1,10,0,NA,43
5,20,1,5,1,25,2,1,0,0,0,36,2,9999,0,25,1,0,5,2,5,0,21,1,10,0,NA,44
6,21,1,14,0,36,2,3,0,1,0,36,2,3,0,19,3,0,4,2,5,1,25,1,10,1,1520.833333,50
7,21,1,5,0,30,0,4,0,1,0,30,0,4,0,9998,9998,9998,2,1,5,0,13,1,10,1,2000,47
8,21,1,0.416666667,1,28,2,4,0,0,0,32,2,4,0,28,4,0,8,3,5,1,9,1,40,0,3350,40
9,21,1,6,0,51,1,4,0,1,0,51,1,4,0,41,1,0,7,3,5,1,8,1,10,0,NA,40
10,21,1,4,1,47,5,1,0,1,1,47,5,1,0,9998,9998,9998,5,3,5,1,11,1,10,1,NA,40
11,21,1,20,0,53,2,3,0,1,0,53,2,3,0,39,2,0,10,4,5,1,65,1,10,1,NA,52
12,21,1,9,0,31,1,3,0,1,0,31,1,3,0,30,3,0,7,2,5,0,64,0,0,1,NA,45
13,21,1,4,0,41,1,4,0,1,0,41,1,4,0,36,1,0,11,6,5,1,24,1,10,1,NA,48
14,21,1,6,0,49,1,2,0,1,0,49,1,2,0,39,1,0,8,5,5,0,11,0,0,0,NA,50
15,21,1,13,0,40,1,4,0,1,0,40,1,4,0,35,3,0,7,2,5,0,60,1,110,1,NA,40
1,14,1,3,0,20,0,3,0,1,0,20,0,3,0,9998,9998,9998,1,1,6,0,124,0,0,0,NA,33
2,15,1,0.25,1,19,2,4,0,0,0,24,2,4,0,19,4,0,4,2,5,1,9,1,20,1,NA,40
3,15,1,29,0,51,2,1,0,1,0,51,2,1,0,37,0,0,5,2,5,1,8,0,0,0,NA,39
4,15,1,8,0,44,2,4,0,1,0,44,2,4,0,36,2,0,12,4,5,0,13,0,0,1,NA,32
5,15,1,16,0,50,2,4,0,1,0,50,2,4,0,24,2,0,6,4,5,0,9,0,0,1,NA,45
6,15,1,10,0,50,1,0,0,1,0,50,1,0,0,45,0,0,4,3,5,1,7,1,10,0,NA,37
7,15,1,6,0,48,1,1,0,1,0,48,1,1,0,61,1,0,4,2,5,0,7,1,10,0,NA,43
8,20,1,4,0,27,1,9999,0,1,0,27,1,9999,0,26,1,0,6,2,5,0,11,0,0,1,NA,48
9,21,1,1,0,35,2,4,0,1,0,35,2,4,0,22,1,0,6,5,6,0,45,0,0,0,NA,57
10,21,1,10,1,39,3,1,0,1,1,39,3,1,0,9998,9998,9998,6,3,6,0,11,0,0,0,NA,47
11,21,1,3,0,25,2,1,0,1,0,25,2,1,0,18,0,0,4,3,6,1,13,0,0,0,NA,47
12,21,1,31,0,53,2,0,0,1,0,53,2,0,0,49,0,0,6,3,6,0,40,0,0,0,NA,30
13,21,1,2,0,20,2,2,0,1,0,20,2,2,0,15,2,0,3,3,6,1,5,1,3,0,NA,60
14,21,1,15,0,30,2,2,0,1,0,30,2,2,0,22,1,0,2,2,6,0,22,0,0,1,NA,35
15,21,1,16,0,45,2,1,0,1,0,45,2,1,0,43,1,0,8,4,6,0,60,0,0,0,NA,45
1,20,1,3,0,26,2,4,0,1,0,26,2,4,0,19,1,0,3,2,5,0,61,1,10,0,NA,48
2,20,1,1,1,25,2,3,0,0,0,30,2,4,0,25,3,0,3,2,5,0,121,1,10,0,NA,41
3,21,1,2,0,30,2,4,0,1,0,30,2,4,0,18,3,0,5,2,5,1,15,1,10,1,4000,55
4,21,1,0.333333333,0,39,2,4,0,1,0,39,2,4,0,23,4,0,8,4,5,0,9,1,100,0,NA,44
5,21,1,12,0,41,2,1,0,1,0,41,2,1,0,22,1,0,7,2,NA,0,0,0,0,0,NA,50
6,21,1,10,0,29,2,3,0,1,0,29,2,3,0,22,2,0,11,9,5,0,10,1,10,1,NA,50
7,21,1,15,1,32,4,0,0,1,1,32,4,0,0,9998,9998,9998,7,1,5,1,7,1,10,0,NA,41
8,21,1,3,0,31,2,4,0,1,0,31,2,4,0,29,4,0,5,3,5,1,13,1,10,1,NA,39
9,21,1,10,1,28,2,4,0,0,0,35,2,3,0,28,4,0,9,4,5,1,11,0,0,0,NA,35
10,21,1,8,0,29,2,4,0,1,0,29,2,4,0,18,3,0,4,2,5,1,45,1,10,0,10000,35
11,21,1,30,0,50,2,2,0,1,0,50,2,2,0,53,1,0,5,2,5,0,13,1,10,1,3220,49
12,21,1,37,1,53,0,2,0,1,1,53,0,2,0,9998,9998,9998,5,3,NA,1,0,0,0,1,NA,61
13,21,1,8,0,22,0,3,0,1,0,22,0,3,0,9998,9998,9998,1,1,5,1,7,1,8,0,15512.5,48
14,21,1,5,0,42,2,4,0,1,0,42,2,4,0,NA,NA,NA,4,4,5,0,25,0,0,1,NA,45
15,21,1,13,0,35,2,4,0,1,0,35,2,4,0,26,4,0,6,4,5,0,50,1,10,1,24000,60
1,19,2,4,1,40,2,1,0,0,0,60,2,1,0,40,1,0,6,2,5,1,20,0,0,0,NA,30
2,19,2,10,0,30,2,4,0,1,0,30,2,4,0,23,1,0,6,2,6,1,9999,0,0,0,NA,40
3,19,2,17,0,22,0,4,0,1,0,22,0,4,0,9998,9998,9998,1,1,6,1,4,0,0,0,NA,36
4,19,2,3,0,9999,2,2,0,1,0,9999,2,2,0,26,3,0,5,1,5,0,11,0,0,0,NA,33
5,19,2,1,0,20,2,3,0,1,0,20,2,3,0,15,2,0,2,2,6,1,22,0,0,0,500,39
6,19,2,3,1,40,5,1,0,1,1,40,5,1,0,9998,9998,9998,4,2,5,0,20,1,152.0833333,0,NA,40
7,19,2,10,1,48,3,0,0,1,1,48,3,0,0,9998,9998,9998,3,1,5,1,30,1,152.0833333,0,NA,30
8,19,2,7,0,25,2,3,0,1,0,25,2,3,0,20,1,0,4,2,6,1,7,0,0,0,NA,30
9,19,2,3,0,19,1,2,0,1,0,19,1,2,0,19,2,0,3,2,5,0,4,1,152.0833333,0,NA,37
10,20,2,6,0,42,1,2,0,1,0,42,1,2,0,40,1,0,6,2,5,1,65,1,5,0,2200,31
11,20,2,30,1,45,5,1,0,1,1,45,5,1,0,9998,9998,9998,10,2,5,0,22,1,NA,0,NA,33
12,20,2,0.5,1,14,1,1,0,0,0,9999,1,2,0,14,1,0,2,NA,5,1,3,1,5,0,2000,32
13,20,2,6,0,45,2,0,0,1,0,45,2,0,0,37,0,0,4,2,5,1,16,1,0,0,NA,34
14,20,2,4,0,22,1,3,0,1,0,22,1,3,0,19,1,0,3,2,5,1,14,1,5,0,NA,36
15,20,2,15,0,21,2,2,0,1,0,21,2,2,0,19,3,0,2,2,6,1,12,1,0,0,NA,35
1,14,2,4,0,25,1,3,0,1,0,25,1,3,0,20,4,0,7,3,6,1,0,1,243.3333333,1,NA,49
2,14,2,1,0,27,2,4,0,1,0,27,2,4,0,23,4,0,5,2,9,1,32,1,304.1666667,1,NA,43
3,14,2,12,1,47,5,2,0,1,1,47,5,2,0,9998,9998,9998,6,4,6,1,9999,1,309.1666667,1,350,42
4,14,2,9,1,73,5,1,0,1,1,73,5,1,0,9998,9998,9998,3,1,6,1,0,0,0,1,NA,33
5,14,2,1,0,30,2,3,0,1,0,30,2,3,0,22,3,0,3,2,6,1,5,0,0,1,NA,37
6,14,2,3,0,25,2,4,0,1,0,25,2,4,0,22,4,0,4,3,9,0,150,0,0,0,NA,49
7,14,2,3,0,30,2,4,0,1,0,30,2,4,0,18,3,0,4,2,9,1,150,0,0,1,NA,32
8,14,2,4,0,35,2,1,0,1,0,35,2,1,0,29,1,0,5,3,3,1,52,1,121.6666667,1,4866.666667,34
9,14,2,12,0,56,2,4,0,1,0,56,2,4,0,46,1,0,8,3,6,1,9999,0,0,1,1500,48
10,15,2,5,0,24,2,4,0,1,0,24,2,4,0,NA,NA,NA,5,2,6,1,13,1,45,1,NA,38
11,15,2,9,1,50,4,1,0,1,1,50,4,1,0,9998,9998,9998,5,4,9,1,160,1,146.6666667,0,1000,43
12,15,2,10,1,23,0,0,1,0,0,-1,0,0,0,9998,9998,9998,10,3,9,1,69,0,0,1,NA,30
13,15,2,3,0,48,4,1,0,1,0,48,4,1,0,9998,9998,9998,6,2,9,0,300,1,91.25,1,NA,39
14,15,2,3,0,30,2,4,0,1,0,30,2,4,0,26,3,0,6,2,6,1,300,0,0,0,NA,47
15,15,2,6,0,45,2,2,0,1,0,45,2,2,0,43,1,0,6,2,6,1,300,0,0,0,NA,65
1,19,2,7,0,22,2,1,0,1,0,22,2,1,0,18,1,0,4,2,6,0,130,1,10,0,NA,37
2,19,2,7,1,17,2,2,0,0,0,9999,2,2,0,17,2,0,2,1,6,1,130,1,10,0,NA,40
3,19,2,30,0,45,2,1,0,1,0,45,2,1,0,32,1,0,6,2,6,1,132,0,0,0,NA,31
4,19,2,30,0,38,2,1,0,1,0,38,2,1,0,40,9999,0,3,3,6,1,50,0,0,0,166.6666667,33
5,19,2,18,0,19,2,3,0,1,0,19,2,3,0,15,1,0,2,2,6,1,100,1,10,0,NA,32
6,19,2,3,0,32,2,1,0,1,0,32,2,1,0,19,1,0,4,2,9,1,92,0,0,0,NA,32
7,19,2,50,1,75,5,9999,0,1,1,75,5,9999,0,9998,9998,9998,2,1,6,1,70,0,0,0,NA,37
8,19,2,50,0,64,2,1,0,1,0,64,2,1,0,51,1,0,5,1,5,1,140,1,10,0,NA,34
9,19,2,1.083333333,1,45,4,1,0,1,1,45,4,1,0,9998,9998,9998,5,3,6,1,25,0,0,0,NA,38
10,19,2,50,0,52,1,1,0,1,0,52,1,1,0,9999,1,0,4,1,6,1,70,0,0,0,9125,44
11,19,2,20,1,26,3,0,0,1,1,26,3,0,0,9998,9998,9998,1,1,6,1,70,0,0,0,608.3333333,38
12,19,2,60,1,68,5,0,0,1,1,68,5,0,0,9998,9998,9998,2,1,6,1,15,0,0,0,NA,35
13,19,2,15,1,18,1,2,0,0,0,9999,1,3,0,18,2,0,3,1,8,1,70,0,0,0,NA,38
14,19,2,3,0,25,2,0,0,1,0,25,2,0,0,28,0,0,7,2,5,1,20,1,10,0,NA,38
15,19,2,20,0,21,1,4,0,1,0,21,1,4,0,22,3,0,5,2,5,1,25,1,14,0,250,40
1,15,2,30,0,75,1,1,0,1,0,75,1,1,0,60,1,0,2,NA,6,1,0,0,0,0,1500,42
2,15,2,6,0,36,1,4,0,1,0,36,1,4,0,25,3,0,4,4,6,1,33,1,162.0833333,0,NA,30
3,15,2,30,1,9999,5,1,0,1,1,9999,5,1,0,9998,9998,9998,3,1,6,1,0,0,0,1,1500,36
4,15,2,4,1,20,1,1,1,0,0,30,1,1,0,20,1,1,4,2,6,1,4,0,0,0,NA,44
5,15,2,50,0,52,1,0,0,1,0,52,1,0,0,40,0,0,4,4,6,1,3,1,152.0833333,0,NA,39
6,15,2,14,1,33,0,4,0,1,1,33,0,4,0,9998,9998,9998,4,2,5,1,70,1,131.6666667,0,500,43
7,15,2,11,1,36,5,2,0,1,1,36,5,2,0,9998,9998,9998,4,1,9,1,125,0,0,0,350,54
8,15,2,70,0,71,1,1,0,1,0,71,1,1,0,53,1,0,6,3,6,0,70,1,10,1,1200,35
9,15,2,20,1,9999,2,0,0,0,0,9999,2,0,0,9999,0,0,5,NA,9,1,240,0,0,1,NA,31
10,15,2,5,1,9999,2,0,0,0,0,9999,2,2,1,9999,0,0,4,1,9,1,190,0,0,0,1520.833333,30
11,15,2,3,1,22,4,2,0,1,1,22,4,2,0,9998,9998,9998,3,1,9,1,30,1,91.25,0,NA,52
12,15,2,5,1,20,2,1,0,0,0,23,2,4,0,20,1,0,4,2,6,0,60,0,0,0,NA,34
13,15,2,8,0,25,2,3,0,1,0,25,2,3,0,24,3,0,4,2,9,1,130,0,0,1,NA,38
14,15,2,5,0,45,1,0,0,1,0,45,1,0,0,32,1,0,2,2,9,0,340,0,0,0,4562.5,40
15,15,2,15,0,9999,5,1,0,1,0,9999,5,1,0,9998,9998,9998,2,NA,6,1,10,0,0,0,600,48
1,14,2,1,0,30,2,4,0,1,0,30,2,4,0,24,3,0,5,2,6,0,9999,0,0,1,3000,33
2,14,2,10,0,35,2,4,0,1,0,35,2,4,0,27,4,0,6,3,6,1,9999,0,0,1,6517.857143,30
3,14,2,2,0,32,2,4,0,1,0,32,2,4,0,22,3,1,2,2,6,1,9999,0,0,1,NA,37
4,14,2,5,1,40,2,1,0,0,0,50,2,2,0,40,1,0,2,2,6,1,9999,0,0,0,NA,30
5,14,2,40,0,52,2,4,0,1,0,52,2,4,0,40,3,0,6,2,6,1,34,1,40,1,NA,32
6,14,2,4,0,26,2,4,0,1,0,26,2,4,0,21,4,0,5,3,6,1,9999,0,0,1,3000,33
7,14,2,5,0,27,2,4,0,1,0,27,2,4,0,21,4,0,7,2,6,1,9999,0,0,1,2500,34
8,15,2,5,1,86,4,0,0,1,1,86,4,0,0,9998,9998,9998,1,NA,6,1,10,1,60.83333333,0,250,88
9,15,2,8,0,32,2,1,0,1,0,32,2,1,0,25,0,0,3,2,9,1,65,0,0,0,NA,32
10,15,2,4,0,9999,1,4,0,1,0,9999,1,4,0,16,2,0,4,2,6,1,5,0,0,0,4345.238095,30
11,15,2,15,1,30,1,4,0,0,0,40,1,4,0,30,4,0,9,3,5,1,25,1,25,1,NA,42
12,15,2,7,0,65,1,3,0,1,0,65,1,3,0,58,1,0,5,1,2,1,0,1,10,1,NA,50
13,15,2,17,0,49,1,3,0,1,0,49,1,3,0,39,1,0,9,6,5,1,25,1,25,0,NA,42
14,17,2,7,1,42,5,4,0,1,1,42,5,4,0,9998,9998,9998,5,4,6,0,9,1,40,0,NA,68
15,17,2,4,0,30,1,4,0,1,0,30,1,4,0,20,4,0,3,3,5,1,70,0,0,1,NA,39
1,20,2,17,0,17,0,2,0,1,0,17,0,2,0,9998,9998,9998,1,1,5,1,26,1,15,0,NA,37
2,20,2,36,1,56,5,0,0,1,1,56,5,0,0,9998,9998,9998,2,1,5,1,34,1,20,0,NA,31
3,20,2,15,0,40,1,1,0,1,0,40,1,1,0,40,0,0,7,6,6,1,5,1,20,0,NA,32
4,20,2,5,0,23,2,0,0,1,0,23,2,0,0,19,0,0,3,2,6,1,70,1,20,0,NA,34
5,20,2,50,1,64,5,0,0,1,1,64,5,0,0,9998,9998,9998,1,NA,5,1,35,1,20,0,NA,39
6,20,2,30,0,41,1,1,0,1,0,41,1,1,0,9999,1,0,5,1,9,1,70,0,0,0,5000,40
7,20,2,39,0,54,2,2,0,1,0,54,2,2,0,41,3,0,7,4,5,1,50,1,15,0,NA,38
8,20,2,5,0,30,2,2,0,1,0,30,2,2,0,25,3,0,5,2,5,1,45,1,20,0,NA,38
9,20,2,40,0,43,2,3,0,1,0,43,2,3,0,32,1,0,4,2,5,1,35,1,20,1,NA,34
10,20,2,40,0,44,2,2,0,1,0,44,2,2,0,41,2,0,10,4,6,1,25,1,456.25,0,NA,30
11,20,2,6,1,49,3,1,0,1,1,49,3,1,0,9998,9998,9998,2,2,9,1,130,0,0,0,NA,46
12,20,2,7,0,43,2,2,0,1,0,43,2,2,0,18,3,0,3,3,5,1,30,1,20,0,1400,30
13,20,2,50,0,75,1,1,0,1,0,75,1,1,0,75,0,0,4,1,5,1,70,1,25,0,1520.833333,37
14,20,2,4,0,32,2,1,0,1,0,32,2,1,0,28,1,0,5,2,6,1,25,0,0,0,NA,32
15,20,2,30,1,30,5,1,1,1,1,30,5,1,1,9998,9998,9998,6,2,5,1,70,1,456.25,0,NA,35
1,16,2,10,1,25,2,2,0,0,0,35,2,4,0,25,2,0,6,3,5,1,150,1,25,1,3000,44
2,16,2,30,0,37,2,4,0,1,0,37,2,4,0,31,3,0,10,2,6,1,140,1,25,1,NA,36
3,16,2,40,1,41,2,1,0,0,0,45,2,4,0,41,1,0,7,3,5,1,140,1,25,1,500,31
4,16,2,8,0,41,2,2,0,1,0,41,2,2,0,39,0,0,8,4,6,1,20,0,0,1,NA,33
5,16,2,10,1,40,4,0,0,1,1,40,4,0,0,9998,9998,9998,4,1,6,1,120,1,25,0,NA,35
6,16,2,40,0,44,2,0,0,1,0,44,2,0,0,40,0,0,5,3,6,1,3,0,0,0,NA,32
7,16,2,20,0,66,2,0,0,1,0,66,2,0,0,42,0,0,2,1,6,1,9999,1,25,0,NA,39
8,16,2,23,1,23,2,3,0,0,0,9999,2,3,0,23,3,0,7,2,3,1,70,1,121.6666667,1,NA,39
9,17,2,0.25,1,19,2,3,0,0,0,22,2,4,0,19,3,0,6,2,5,1,12,1,25,0,NA,43
10,17,2,10,1,25,2,1,0,0,0,9999,2,9999,0,25,1,0,11,2,7,1,8,1,NA,1,NA,40
11,17,2,0.416666667,1,24,1,4,0,0,0,32,1,4,0,24,4,0,5,2,6,0,6,0,0,0,NA,43
12,17,2,3,0,26,1,4,0,1,0,26,1,4,0,19,4,0,3,2,6,1,12,0,0,1,NA,45
13,17,2,5,1,25,2,3,0,0,0,9999,2,3,0,25,3,0,5,2,6,1,13,0,0,1,NA,49
14,17,2,9,1,49,1,1,0,0,0,9999,1,9999,0,49,1,0,5,1,6,1,90,1,60.83333333,0,NA,45
15,17,2,3,1,18,1,3,0,0,0,9999,1,4,0,18,3,0,4,1,6,1,33,1,60.83333333,1,NA,35
1,13,2,5,1,78,1,1,0,1,1,78,1,1,0,NA,NA,NA,5,3,4,1,8,1,30,1,1520.833333,35
2,13,2,4,1,45,0,0,0,1,1,45,0,0,0,9998,9998,9998,2,1,9,1,8,0,80,0,500,34
3,13,2,20,1,37,1,1,0,0,0,59,1,3,0,37,1,0,7,5,5,1,11,1,30,1,5000,45
4,14,2,7,0,24,2,4,0,1,0,24,2,4,0,17,3,0,2,2,5,1,50,1,20,1,NA,40
5,17,2,7,0,46,1,4,0,1,0,46,1,4,0,22,4,0,4,2,5,1,150,1,25,1,NA,34
6,17,2,20,0,40,2,1,0,1,0,40,2,1,0,32,1,0,5,2,6,1,25,0,0,0,NA,46
7,17,2,10,0,40,2,3,0,1,0,40,2,3,0,38,1,0,4,2,6,1,30,1,25,1,NA,32
8,17,2,2,0,32,2,3,0,1,0,32,2,3,0,24,2,0,5,2,6,1,12,1,35,1,NA,48
9,17,2,1,0,32,2,4,0,1,0,32,2,4,0,24,3,0,3,2,6,1,0,1,45,1,NA,36
10,17,2,1,0,31,2,4,0,1,0,31,2,4,0,22,4,0,2,2,6,1,5,1,45,1,NA,31
11,17,2,5,0,50,1,0,0,1,0,50,1,0,0,42,0,0,5,5,7,0,3,1,40,1,NA,44
12,17,2,3,0,27,2,4,0,1,0,27,2,4,0,23,3,0,4,2,5,1,30,1,25,1,3000,39
13,17,2,3,0,27,2,4,0,1,0,27,2,4,0,21,3,0,5,2,5,1,50,1,25,1,2500,41
14,17,2,3,0,45,1,4,0,1,0,45,1,4,0,36,4,0,4,3,6,0,70,1,20,1,NA,37
15,17,2,1,0,28,2,4,0,1,0,28,2,4,0,22,3,0,2,2,6,1,0,1,25,1,NA,45
1,17,2,20,1,28,2,2,0,0,0,36,1,9999,0,NA,NA,NA,5,2,3,1,35,1,192.5,0,NA,52
2,17,2,1,0,20,2,1,0,1,0,20,2,1,0,17,0,0,3,3,3,1,70,1,3,0,3041.666667,52
3,17,2,15,1,19,1,4,0,0,0,25,1,4,0,19,4,0,5,3,3,1,25,1,10,1,NA,35
4,17,2,30,1,33,2,NA,0,0,0,54,2,9999,0,33,NA,0,5,3,6,1,3,0,0,1,NA,39
5,17,2,20,0,26,1,2,0,1,0,26,1,2,0,22,4,0,5,3,2,1,0,1,9,1,NA,34
6,17,2,4,0,45,2,4,0,1,0,45,2,4,0,33,3,0,9,3,3,1,40,1,304.1666667,1,NA,30
7,17,2,13,1,40,1,1,0,0,0,60,1,9999,0,40,1,0,9,3,3,1,25,1,60.83333333,1,NA,38
8,19,2,40,1,46,4,1,0,1,1,46,4,1,0,9998,9998,9998,5,2,4,1,62,1,50,0,250,44
9,19,2,2,0,30,1,4,0,1,0,30,1,4,0,26,4,0,9,5,4,1,13,1,50,1,NA,60
10,19,2,10,1,9999,5,0,0,1,1,9999,5,0,0,9998,9998,9998,3,1,2,1,0,1,90,0,NA,51
11,19,2,10,1,9999,2,0,0,0,0,9999,2,0,0,9999,0,0,6,2,3,1,23,1,60.83333333,1,NA,37
12,19,2,9,0,49,2,4,0,1,0,49,2,4,0,36,4,0,4,3,6,1,2,1,0,1,NA,42
13,19,2,18,0,38,2,2,0,1,0,38,2,2,0,37,2,0,8,5,5,1,85,0,0,0,4500,41
14,20,2,20,1,45,4,1,0,1,1,45,4,1,0,9998,9998,9998,5,2,3,1,20,1,91.25,0,NA,32
15,20,2,10,1,30,2,1,0,0,0,9999,2,0,0,30,1,0,6,3,6,1,6,1,60.83333333,1,NA,39
1,15,2,6,1,25,2,4,0,0,0,37,2,4,0,25,4,0,5,2,3,1,15,1,212.9166667,1,6000,38
2,16,2,3,0,33,2,4,0,1,0,33,2,4,0,22,3,0,4,3,5,1,12,1,25,1,3000,37
3,16,2,5,1,45,2,1,0,0,0,50,2,3,0,45,1,0,5,3,3,1,9999,1,NA,1,500,33
4,16,2,3,0,34,2,4,0,1,0,34,2,4,0,28,4,0,9,3,5,0,26,1,NA,1,15000,37
5,16,2,15,1,39,5,2,0,1,1,39,5,2,0,9998,9998,9998,4,2,3,1,12,1,152.0833333,0,1200,32
6,16,2,2,0,29,2,4,0,1,0,29,2,4,0,29,3,0,4,3,3,1,70,1,NA,1,3000,50
7,16,2,6,0,38,2,4,0,1,0,38,2,4,0,28,3,0,8,4,3,0,12,1,152.0833333,1,9000,33
8,16,2,0.833333333,0,24,0,4,0,1,0,24,0,4,0,9998,9998,9998,2,2,2,1,0,1,NA,0,NA,47
9,16,2,3,0,33,2,4,0,1,0,33,2,4,0,26,3,0,8,2,5,1,130,1,NA,1,7800,30
10,16,2,5,0,34,2,4,0,1,0,34,2,4,0,31,4,0,8,3,2,1,0,1,NA,1,5000,50
11,16,2,5,0,24,2,4,0,1,0,24,2,4,0,16,3,0,4,2,3,1,14,1,182.5,1,7800,45
12,16,2,4,1,17,1,3,0,0,0,9999,1,4,0,17,3,0,4,1,3,1,6,1,152.0833333,1,2250,40
13,16,2,16,0,44,2,2,0,1,0,44,2,2,0,35,1,0,10,4,3,1,70,1,152.0833333,1,2500,45
14,17,2,3,0,35,2,3,0,1,0,35,2,3,0,37,3,0,7,2,3,1,25,1,10,1,1520.833333,39
15,17,2,30,0,41,2,3,0,1,0,41,2,3,0,31,1,0,8,5,3,0,35,1,152.0833333,1,NA,36
1,13,2,4,0,28,2,1,0,1,0,28,2,1,0,22,1,0,3,2,6,1,6,0,0,0,NA,42
2,14,2,1,1,19,1,4,0,0,0,30,1,4,0,19,4,0,5,3,2,1,0,1,300,1,7000,53
3,15,2,3,0,28,2,2,0,1,0,28,2,2,0,24,3,0,4,2,3,1,36,0,0,1,NA,35
4,15,2,10,1,33,4,4,0,1,1,33,4,4,0,9998,9998,9998,4,2,6,1,0,0,0,1,NA,50
5,15,2,8,0,30,2,4,0,1,0,30,2,4,0,28,2,0,9,4,6,1,0,0,0,1,86.9047619,39
6,15,2,7,1,54,3,0,0,1,1,54,3,0,0,9998,9998,9998,8,3,5,1,25,1,25,0,50,48
7,15,2,4,0,32,1,3,0,1,0,32,1,3,0,9999,1,0,4,1,5,1,7,1,25,0,100,37
8,15,2,4,0,36,2,1,0,1,0,36,2,1,0,32,2,0,4,2,6,1,73,1,152.0833333,1,NA,38
9,16,2,6,0,28,2,4,0,1,0,28,2,4,0,23,4,0,5,3,2,1,0,1,304.1666667,1,NA,47
10,16,2,3,0,41,2,4,0,1,0,41,2,4,0,39,2,0,12,5,6,0,9999,1,152.0833333,1,NA,43
11,16,2,9,0,29,1,4,0,1,0,29,1,4,0,23,3,0,5,2,3,1,13,1,243.3333333,1,NA,40
12,16,2,1,0,9999,1,4,0,1,0,9999,1,4,0,19,2,0,5,1,3,1,22,1,152.0833333,0,NA,48
13,16,2,6,0,30,1,4,0,1,0,30,1,4,0,19,2,0,3,3,5,0,53,1,30,1,3000,54
14,16,2,10,0,35,2,3,1,1,0,35,2,3,1,28,4,0,4,3,5,0,9,1,243.3333333,1,3000,34
15,17,2,4,0,35,1,4,0,1,0,35,1,4,0,22,4,0,3,2,5,0,120,1,200,1,NA,44
1,13,2,0.416666667,0,32,1,4,0,1,0,32,1,4,0,20,3,0,4,2,3,1,15,1,152.0833333,0,NA,47
2,13,2,4,0,36,2,3,0,1,0,36,2,3,0,20,2,0,3,2,5,1,11,1,304.1666667,0,NA,42
3,13,2,6,1,27,5,3,0,1,1,27,5,3,0,9998,9998,9998,2,1,NA,0,0,1,28,0,NA,85
4,13,2,0.5,0,27,2,4,0,1,0,27,2,4,0,22,4,0,7,3,5,1,6,1,25,1,3000,41
5,13,2,NA,NA,NA,NA,NA,NA,NA,NA,NA,NA,NA,0,NA,NA,NA,NA,NA,NA,NA,NA,NA,NA,NA,NA,NA
6,13,2,4,0,37,2,4,0,1,0,37,2,4,0,27,4,0,6,4,5,1,3,1,45,1,NA,36
7,13,2,NA,NA,NA,NA,NA,NA,NA,NA,NA,NA,NA,0,NA,NA,NA,NA,NA,NA,NA,NA,NA,NA,NA,NA,NA
8,13,2,NA,NA,NA,NA,NA,NA,NA,NA,NA,NA,NA,0,NA,NA,NA,NA,NA,NA,NA,NA,NA,NA,NA,NA,NA
9,13,2,3,0,45,2,4,0,1,0,45,2,4,0,34,4,0,11,7,6,1,0,0,0,1,NA,74
10,13,2,3,0,22,0,2,0,1,0,22,0,2,0,9998,9998,9998,3,2,5,1,34,1,115,0,1303.571429,38
11,13,2,0.416666667,0,29,2,4,0,1,0,29,2,4,0,18,3,0,3,2,3,0,11,0,0,0,NA,60
12,13,2,2,0,33,2,4,0,1,0,33,2,4,0,18,3,0,5,2,5,1,4,1,25,0,500,49
13,13,2,0.166666667,0,35,1,4,0,1,0,35,1,4,0,19,3,0,3,2,3,0,13,1,152.0833333,0,NA,38
14,13,2,6,0,38,2,4,0,1,0,38,2,4,0,29,3,0,5,4,3,1,14,1,121.6666667,0,NA,51
15,13,2,0.833333333,1,29,4,4,0,1,1,29,4,4,0,9998,9998,9998,3,2,5,1,25,1,60.83333333,1,2400,39
1,13,2,3,1,28,1,4,0,0,0,46,1,4,0,28,4,0,5,2,2,1,0,1,NA,1,NA,36
2,13,2,10,0,29,2,4,0,1,0,29,2,4,0,30,4,0,6,4,2,1,0,1,NA,1,NA,46
3,13,2,7,0,40,2,3,0,1,0,40,2,3,0,32,3,0,5,2,3,1,4,1,NA,0,NA,31
4,13,2,0.333333333,1,24,1,3,0,0,0,28,1,5,0,24,3,0,4,2,5,1,66,1,NA,1,NA,40
5,13,2,1,0,30,2,3,0,1,0,30,2,3,0,20,3,0,2,2,6,1,0,1,4.345238095,0,NA,30
6,14,2,30,1,36,1,2,0,0,0,34,1,1,0,36,2,0,7,4,5,1,20,1,NA,1,NA,30
7,14,2,1,1,19,1,2,0,0,0,30,1,2,0,19,2,0,3,2,5,1,25,1,10,0,NA,43
8,14,2,6,0,36,1,4,0,1,0,36,1,4,0,NA,NA,NA,5,3,5,1,15,1,NA,1,NA,38
9,14,2,2,1,29,1,4,0,0,0,31,1,4,0,29,4,0,5,4,5,1,15,1,NA,1,NA,36
10,14,2,14,0,44,2,4,0,1,0,44,2,4,0,27,2,0,10,3,3,1,15,1,NA,1,NA,40
11,14,2,1,0,40,2,0,0,1,0,40,2,0,0,33,0,0,6,3,6,1,0,1,4.345238095,0,NA,35
12,14,2,2,1,32,1,1,0,0,0,45,1,2,0,32,1,0,7,2,5,1,25,1,20,1,NA,35
13,14,2,1,0,28,1,4,0,1,0,28,1,4,0,26,3,0,5,2,5,0,25,1,50,1,NA,35
14,14,2,5,1,20,1,3,0,0,0,23,1,4,0,20,3,0,8,2,5,1,25,1,20,1,NA,38
15,14,2,5,1,44,1,3,0,0,0,57,1,3,0,44,3,0,11,6,2,1,0,1,20,1,NA,45
1,13,2,3,0,29,2,4,0,1,0,29,2,4,0,21,2,0,5,3,5,1,60,1,25,1,3000,30
2,13,2,0.166666667,1,22,3,3,0,1,1,22,3,3,0,9998,9998,9998,5,1,2,0,0,1,152.0833333,1,NA,31
3,13,2,1,0,20,2,3,0,1,0,20,2,3,0,18,2,0,2,2,5,1,35,1,100,0,NA,37
4,13,2,4,0,31,2,4,0,1,0,31,2,4,0,23,3,0,4,4,2,1,0,1,391,1,NA,43
5,13,2,1,1,40,5,4,0,1,1,40,5,4,0,9998,9998,9998,2,1,6,1,15,0,0,0,NA,60
6,13,2,1,0,24,2,4,0,1,0,24,2,4,0,17,3,0,2,2,6,1,40,1,30,0,NA,39
7,13,2,10,1,35,2,3,0,0,0,37,2,4,0,35,3,0,4,4,5,1,30,1,25,0,500,40
8,13,2,6,1,22,2,4,0,0,0,30,2,4,0,22,4,0,8,4,5,1,68,1,NA,1,NA,44
9,13,2,8,0,29,1,1,0,1,0,29,1,1,0,28,1,0,6,3,3,1,13,1,5,1,500,35
10,13,2,2,1,27,0,3,0,1,1,27,0,3,0,9998,9998,9998,2,2,5,1,50,1,25,1,NA,35
11,13,2,1,0,40,2,1,0,1,0,40,2,1,0,30,1,0,5,2,3,1,34,1,30.41666667,0,NA,31
12,13,2,7,0,40,1,1,0,1,0,40,1,1,0,37,2,0,5,2,5,1,12,0,0,0,NA,75
13,13,2,4,0,34,2,4,0,1,0,34,2,4,0,26,4,0,6,3,5,1,70,1,25,1,3000,38
14,13,2,2,0,20,2,3,0,1,0,20,2,3,0,14,2,0,2,1,3,1,45,1,182.5,0,NA,35
15,14,2,12,0,31,2,3,0,1,0,31,2,3,0,22,3,0,4,2,2,1,0,1,NA,1,NA,42
1,15,2,30,0,42,2,4,0,1,0,42,2,4,0,40,3,0,9,8,2,1,0,1,0,1,3000,52
2,15,2,1,0,9999,2,4,0,1,0,9999,2,4,0,22,2,0,5,1,5,1,22,1,NA,1,NA,38
3,15,2,2,0,20,0,3,0,1,0,20,0,3,0,9998,9998,9998,4,4,5,0,6,1,NA,0,2000,32
4,15,2,2,0,24,2,4,0,1,0,24,2,4,0,19,4,0,2,2,6,1,1,0,0,0,NA,33
5,15,2,10,0,24,2,4,0,1,0,24,2,4,0,22,3,0,5,3,5,0,50,1,NA,1,NA,30
6,15,2,0.083333333,1,40,2,3,0,0,0,40,2,4,0,40,3,0,3,2,3,1,15,1,NA,1,2500,30
7,15,2,10,0,28,1,3,0,1,0,28,1,3,0,NA,NA,NA,7,2,5,1,22,1,0,1,NA,33
8,15,2,4,1,23,2,3,0,0,0,28,2,4,0,23,3,0,6,3,5,0,40,1,NA,1,NA,30
9,15,2,17,1,32,2,2,0,0,0,36,2,1,0,32,2,0,9,3,5,0,64,1,NA,1,NA,37
10,15,2,10,0,23,0,4,0,1,0,23,0,4,0,9998,9998,9998,3,3,5,0,50,1,30.41666667,1,NA,45
11,15,2,1,1,19,0,2,0,1,1,19,0,2,0,9998,9998,9998,2,1,5,1,25,1,30.41666667,0,2000,45
12,16,2,2,0,28,2,4,0,1,0,28,2,4,0,15,2,0,3,2,5,1,60,1,25,1,NA,43
13,16,2,19,0,21,2,3,0,1,0,21,2,3,0,18,3,0,2,2,5,1,22,1,91.25,0,NA,46
14,16,2,0.083333333,0,24,2,3,0,1,0,24,2,3,0,22,3,0,3,2,5,0,5,1,0,0,NA,38
15,16,2,2,1,26,2,4,0,1,1,26,2,4,0,NA,NA,NA,3,1,NA,1,NA,0,0,0,NA,55
1,14,2,4,0,15,2,3,0,1,0,15,2,3,0,15,2,0,3,2,5,1,5,1,30,0,NA,36
2,19,2,4,0,17,2,2,0,1,0,17,2,2,0,15,2,0,2,2,5,1,25,1,10,0,1000,37
3,19,2,1,0,21,2,3,0,1,0,21,2,3,0,18,1,0,3,2,6,1,63,0,0,0,NA,38
4,19,2,8,0,41,2,3,0,1,0,41,2,3,0,32,1,0,8,2,6,1,42,0,0,0,NA,40
5,19,2,7,0,43,2,2,0,1,0,43,2,2,0,45,1,0,6,2,5,1,40,1,10,0,2150,35
6,19,2,2,0,26,2,4,0,1,0,26,2,4,0,18,3,0,3,2,6,1,33,1,0,0,1520.833333,42
7,19,2,7,0,25,2,4,0,1,0,25,2,4,0,24,4,0,4,2,6,1,33,1,0,0,NA,39
8,19,2,6,0,41,1,1,0,1,0,41,1,1,0,37,1,0,7,4,5,1,50,1,10,0,NA,30
9,19,2,1,0,9999,2,1,0,1,0,9999,2,1,0,64,1,0,7,2,6,0,63,1,0,0,NA,43
10,19,2,2,1,18,1,2,0,0,0,9999,1,4,0,18,2,0,3,1,5,1,30,1,10,0,1200,31
11,19,2,6,0,26,2,1,0,1,0,26,2,1,0,20,1,0,5,2,9,1,45,0,0,0,NA,34
12,19,2,4,1,30,2,9999,0,0,0,9999,2,1,0,30,9999,0,6,1,6,1,50,0,0,0,NA,32
13,19,2,4,1,65,5,9999,0,1,1,65,5,9999,0,9998,9998,9998,3,NA,6,1,95,0,0,0,NA,39
14,19,2,3,1,20,2,1,0,0,0,9999,2,3,0,20,1,0,4,1,5,1,8,1,10,0,750,36
15,19,2,42,1,70,5,1,0,1,1,70,5,1,0,9998,9998,9998,6,1,5,1,49,1,10,0,450,35
1,18,2,37,1,50,5,9999,0,1,1,50,5,9999,0,9998,9998,9998,5,3,5,1,6,1,0,1,280,40
2,18,2,2,0,23,0,4,0,1,0,23,0,4,0,9998,9998,9998,3,3,8,1,40,0,0,0,500,33
3,18,2,30,0,45,1,4,0,1,0,45,1,4,0,36,3,0,7,4,6,1,62,0,0,1,NA,35
4,18,2,5,0,20,2,3,0,1,0,20,2,3,0,18,2,0,3,3,6,1,130,0,0,0,NA,54
5,18,2,2,0,45,0,0,0,1,0,45,0,0,0,9998,9998,9998,4,3,5,1,122,1,20,1,NA,31
6,18,2,0.25,0,18,0,3,0,1,0,18,0,3,0,9998,9998,9998,2,2,6,1,0,0,0,0,3802.083333,36
7,18,2,2,0,30,2,4,0,1,0,30,2,4,0,18,4,0,3,2,6,1,12,1,0,0,NA,30
8,18,2,29,0,34,1,4,0,1,0,34,1,4,0,24,4,0,3,2,5,0,12,1,0,1,NA,39
9,18,2,4,1,27,2,3,0,0,0,29,2,4,0,27,3,0,7,4,6,1,9999,0,0,1,NA,38
10,18,2,4,0,29,2,3,0,1,0,29,2,3,0,18,3,0,8,2,5,0,30,0,0,1,NA,33
11,18,2,2,1,20,2,3,0,0,0,23,2,4,0,20,3,0,6,2,6,1,7,0,0,1,NA,34
12,18,2,10,1,20,2,1,0,0,0,9999,2,9999,0,20,1,0,3,1,5,1,50,1,20,1,NA,31
13,18,2,6,0,22,1,4,0,1,0,22,1,4,0,20,2,0,6,3,5,1,20,1,50,0,NA,30
14,18,2,6,0,71,5,4,0,1,0,71,5,4,0,9998,9998,9998,5,NA,5,1,16,1,152.0833333,1,NA,59
15,18,2,8,0,60,2,1,0,1,0,60,2,1,0,9999,0,0,3,1,6,1,0,0,0,0,NA,33
1,18,2,5,0,49,1,1,0,1,0,49,1,1,0,49,1,0,11,5,5,1,40,1,25,1,NA,34
2,18,2,6,0,29,2,2,0,1,0,29,2,2,0,27,2,0,3,2,9,1,180,1,180,1,7604.166667,38
3,18,2,5,0,39,2,3,0,1,0,39,2,3,0,35,0,0,6,2,6,1,37,0,0,0,NA,47
4,18,2,30,0,46,1,1,0,1,0,46,1,1,0,34,1,0,8,4,5,1,30,1,25,1,NA,39
5,18,2,9,0,24,2,4,0,1,0,24,2,4,0,19,3,0,5,2,5,1,22,1,0,0,NA,41
6,18,2,10,0,31,0,4,0,1,0,31,0,4,0,9998,9998,9998,5,2,5,0,30,1,152.0833333,1,4781,47
7,18,2,7,0,19,0,3,0,1,0,19,0,3,0,9998,9998,9998,3,3,3,1,90,1,165.0833333,0,NA,68
8,18,2,5,0,30,2,4,0,1,0,30,2,4,0,27,0,0,4,2,5,0,90,1,20,0,4500,50
9,18,2,2,0,21,2,4,0,1,0,21,2,4,0,17,3,0,3,2,6,0,120,1,15,0,NA,49
10,18,2,3,1,32,3,4,0,0,0,17,0,3,0,9998,9998,9998,3,3,5,1,74,1,25,0,NA,34
11,18,2,2,0,16,0,3,0,1,0,16,0,3,0,9998,9998,9998,1,1,5,1,7,1,20,0,NA,45
12,18,2,1,0,37,0,4,0,1,0,37,0,4,0,9998,9998,9998,2,2,3,1,42,1,121.6666667,0,NA,30
13,18,2,3,1,26,1,4,0,0,0,28,1,4,0,26,4,0,7,3,6,1,180,0,0,1,NA,70
14,20,2,2,1,17,2,3,0,0,0,25,2,4,0,17,3,0,3,3,3,1,85,1,304.1666667,1,NA,35
15,20,2,15,0,48,1,1,0,1,0,48,1,1,0,42,1,0,6,5,5,1,55,1,20,0,NA,35
1,13,2,13,0,41,2,4,0,1,0,41,2,4,0,36,4,0,3,2,2,1,0,0,0,1,NA,43
2,13,2,20,0,30,1,4,0,1,0,30,1,4,0,20,4,0,5,3,5,1,15,1,20,0,NA,38
3,13,2,0.166666667,0,18,1,3,0,1,0,18,1,3,0,17,3,0,2,2,5,1,5,1,182.5,0,3000,49
4,13,2,26,0,45,2,4,0,1,0,45,2,4,0,35,0,0,4,2,6,1,22,1,0,1,NA,40
5,13,2,5,0,50,1,9999,0,1,0,50,1,9999,0,47,3,0,8,3,2,1,0,1,0,1,NA,52
6,13,2,3,1,21,0,3,0,1,1,21,0,3,0,9998,9998,9998,3,3,6,1,22,1,20,0,500,41
7,13,2,8,0,34,2,4,0,1,0,34,2,4,0,25,4,0,5,3,2,1,0,1,0,1,NA,47
8,13,2,3,1,23,2,4,0,0,0,29,2,4,0,23,4,0,6,3,2,1,0,1,260,1,NA,38
9,13,2,6,0,55,1,3,0,1,0,55,1,3,0,39,1,0,3,3,5,1,7,1,20,1,6000,46
10,13,2,6,1,29,2,4,0,0,0,31,2,4,0,29,4,0,6,2,3,1,21,1,25,1,NA,35
11,13,2,3,0,23,2,4,0,1,0,23,2,4,0,22,4,0,4,4,6,1,22,1,0,1,NA,49
12,13,2,15,0,44,2,4,0,1,0,44,2,4,0,33,4,0,8,2,6,1,32,1,0,1,NA,33
13,13,2,20,0,30,2,4,0,1,0,30,2,4,0,29,4,0,6,3,5,1,13,1,0,1,NA,55
14,13,2,5,1,28,2,4,0,0,0,35,2,4,0,28,4,0,4,2,2,1,0,1,200,1,NA,36
15,13,2,5,0,31,2,3,0,1,0,31,2,3,0,30,3,0,5,2,5,1,7,1,20,1,NA,50
1,14,2,4,0,30,1,4,0,1,0,30,1,4,0,24,4,0,3,2,5,1,12,1,25,1,6500,58
2,14,2,1,0,47,2,5,0,1,0,47,2,5,0,27,3,0,6,3,5,1,72,1,25,1,NA,43
3,14,2,9,0,30,0,4,0,1,0,30,0,4,0,9998,9998,9998,3,3,5,1,9,1,25,1,15000,43
4,14,2,4,0,46,1,5,0,1,0,46,1,5,0,42,4,0,8,6,5,1,62,1,25,1,27000,47
5,15,2,8,0,31,2,3,0,1,0,31,2,3,0,28,2,0,6,2,5,1,124,1,25,1,2700,37
6,15,2,15,0,27,1,4,0,1,0,27,1,4,0,22,3,0,5,2,5,1,174,1,25,1,NA,91
7,15,2,5,1,19,2,4,0,0,0,21,2,3,0,19,4,0,5,2,5,1,80,1,25,0,76041.66667,44
8,15,2,30,0,43,2,1,0,1,0,43,2,1,0,42,1,0,6,4,5,1,25,1,25,1,NA,44
9,15,2,4,0,40,2,4,0,1,0,40,2,4,0,32,3,0,6,3,5,1,20,1,25,1,NA,33
10,16,2,4,0,26,2,4,0,1,0,26,2,4,0,22,4,0,5,4,5,1,130,0,0,1,NA,47
11,16,2,9,0,34,2,4,0,1,0,34,2,4,0,28,4,0,5,2,6,0,130,0,0,1,NA,37
12,16,2,7,1,27,4,4,0,1,1,27,4,4,0,9998,9998,9998,6,2,5,1,70,0,0,1,NA,38
13,16,2,4,0,50,1,1,0,1,0,50,1,1,0,42,1,0,7,4,5,0,70,1,155,1,NA,34
14,17,2,4,0,27,2,4,0,1,0,27,2,4,0,21,2,0,5,3,5,1,90,1,20,1,NA,53
15,17,2,3,0,30,2,9999,0,1,0,30,2,9999,0,19,1,0,3,2,4,1,9999,1,50,0,12000,51
1,13,2,6,0,35,1,1,0,1,0,35,1,1,0,29,4,0,11,7,5,1,70,1,20,1,NA,35
2,14,2,7,0,29,2,4,0,1,0,29,2,4,0,24,4,0,6,4,5,0,11,1,0,1,NA,32
3,14,2,6,1,24,0,4,0,1,1,24,0,4,0,9998,9998,9998,4,2,6,1,9999,1,0,1,NA,64
4,14,2,3,0,26,2,3,0,1,0,26,2,3,0,22,3,0,6,3,5,1,33,1,0,1,NA,32
5,14,2,7,1,35,2,4,0,0,0,40,2,4,0,35,4,0,4,3,3,1,15,1,115,1,NA,35
6,14,2,5,0,40,1,4,0,1,0,40,1,4,0,32,3,0,7,2,5,1,34,1,20,1,6000,41
7,15,2,9,0,22,1,3,0,1,0,22,1,3,0,19,1,0,5,2,6,1,45,1,0,1,6083.333333,45
8,15,2,8,0,40,2,3,0,1,0,40,2,3,0,30,3,0,7,3,6,1,23,1,0,1,4562.5,40
9,15,2,8,0,45,2,3,0,1,0,45,2,3,0,28,0,0,8,3,5,1,35,1,0,1,1520.833333,48
10,15,2,5,1,24,2,4,0,0,0,28,2,4,0,24,4,0,7,2,5,1,140,1,25,1,NA,40
11,15,2,8,0,42,2,4,0,1,0,42,2,4,0,25,4,0,7,3,6,0,4,1,0,1,NA,46
12,15,2,13,0,33,2,2,0,1,0,33,2,2,0,32,3,0,4,2,6,1,11,0,0,0,NA,31
13,15,2,4,0,28,2,4,0,1,0,28,2,4,0,21,3,0,6,3,5,1,65,1,0,1,NA,45
14,15,2,4,1,26,2,3,0,0,0,40,2,5,0,26,3,0,8,3,5,1,25,1,25,1,NA,33
15,15,2,11,0,49,2,1,0,1,0,49,2,1,0,38,2,0,12,5,5,1,140,1,30,1,NA,48
1,13,2,14,0,43,2,4,0,1,0,43,2,4,0,30,2,0,9,7,6,1,23,1,0,1,NA,34
2,13,2,4,0,33,2,4,0,1,0,33,2,4,0,24,4,0,6,3,6,0,35,0,0,1,NA,43
3,14,2,3,0,22,2,4,0,1,0,22,2,4,0,21,4,0,5,3,5,1,12,1,0,1,NA,36
4,14,2,3,0,26,2,4,0,1,0,26,2,4,0,36,4,0,6,2,5,0,12,1,0,1,NA,47
5,14,2,2,0,40,2,4,0,1,0,40,2,4,0,32,4,0,6,3,5,1,11,1,0,1,NA,35
6,14,2,3,0,29,2,4,0,1,0,29,2,4,0,27,4,0,5,3,5,0,43,1,0,1,NA,40
7,14,2,5,1,33,0,4,0,1,1,33,0,4,0,9998,9998,9998,6,2,5,1,32,1,40,1,NA,34
8,14,2,7,0,39,2,4,0,1,0,39,2,4,0,21,4,0,4,2,5,0,11,1,20,1,NA,50
9,14,2,16,0,47,1,2,0,1,0,47,1,2,0,39,4,0,4,3,5,1,20,1,20,1,4700,35
10,14,2,18,0,40,2,4,0,1,0,40,2,4,0,23,4,0,7,3,5,1,12,1,0,1,3000,42
11,14,2,1,0,40,2,4,0,1,0,40,2,4,0,36,3,0,7,3,NA,1,NA,0,0,0,NA,41
12,14,2,7,1,28,2,4,0,0,0,38,2,4,0,28,4,0,8,3,5,1,124,1,20,1,6000,48
13,14,2,14,0,52,2,4,0,1,0,52,2,4,0,35,1,0,8,4,5,1,7,1,20,1,NA,70
14,14,2,5,1,33,2,5,0,1,1,33,2,5,0,NA,NA,NA,10,5,6,1,2,1,20,1,NA,39
15,14,2,13,0,50,2,1,0,1,0,50,2,1,0,35,0,0,5,3,6,1,0,0,0,0,NA,38
1,18,2,7,0,45,1,3,0,1,0,45,1,3,0,30,3,0,9,4,6,1,70,0,0,0,NA,36
2,18,2,40,1,47,2,0,0,0,0,9999,2,0,0,47,0,0,9,2,6,0,240,0,0,0,NA,37
3,18,2,5,1,23,1,1,0,0,0,24,1,3,0,23,1,0,4,2,3,1,70,1,3,0,200,30
4,18,2,20,1,NA,NA,NA,NA,NA,0,33,1,1,0,NA,NA,NA,3,2,6,1,70,0,0,0,NA,38
5,18,2,20,1,25,2,1,0,0,0,50,2,9999,0,25,1,0,6,3,6,1,240,0,0,0,NA,35
6,18,2,50,1,9999,3,0,0,1,1,9999,3,0,0,9998,9998,9998,1,NA,3,1,25,1,60,0,200,33
7,18,2,0.25,1,16,0,2,0,0,0,33,1,4,0,NA,NA,NA,2,2,2,1,0,1,152.0833333,1,NA,35
8,18,2,19,1,20,2,2,0,0,0,9999,2,2,0,20,2,0,6,1,6,1,25,0,0,0,NA,30
9,18,2,9,0,23,2,4,0,1,0,23,2,4,0,20,2,0,6,2,5,1,11,1,170,1,5000,38
10,18,2,18,0,41,2,1,0,1,0,41,2,1,0,39,1,0,9,4,9,1,135,0,0,1,NA,35
11,18,2,2,0,22,2,4,0,1,0,22,2,4,0,17,2,0,5,3,3,1,15,1,38,1,NA,47
12,18,2,16,0,35,1,4,0,1,0,35,1,4,0,30,2,0,8,3,5,1,64,0,0,1,NA,31
13,18,2,5,0,46,2,4,0,1,0,46,2,4,0,36,3,0,7,4,3,1,66,1,90,1,NA,50
14,18,2,7,0,27,2,2,0,1,0,27,2,2,0,20,1,0,3,2,6,1,33,1,20,1,4000,31
15,18,2,6,0,32,1,3,0,1,0,32,1,3,0,22,2,0,5,2,6,1,63,1,30.41666667,1,NA,39
1,15,2,7,0,41,2,4,0,1,0,41,2,4,0,34,1,0,8,3,5,1,30,0,0,1,3000,37
2,15,2,0.75,0,26,2,4,0,1,0,26,2,4,0,25,3,0,5,2,5,1,50,1,25,1,NA,34
3,15,2,2,0,18,2,4,0,1,0,18,2,4,0,16,3,0,2,2,5,1,50,1,25,0,NA,45
4,15,2,NA,NA,NA,NA,NA,NA,NA,NA,NA,NA,NA,0,NA,NA,NA,NA,NA,NA,NA,NA,NA,NA,NA,NA,NA
5,15,2,5,0,37,2,4,0,1,0,37,2,4,0,36,3,0,5,3,5,0,9999,0,0,1,2500,30
6,15,2,1,0,30,2,4,0,1,0,30,2,4,0,28,3,0,3,2,6,1,9999,1,45,1,NA,34
7,15,2,1,0,28,2,4,0,1,0,28,2,4,0,23,3,0,2,2,6,1,0,1,65,1,NA,39
8,15,2,5,0,27,2,4,0,1,0,27,2,4,0,22,3,0,5,2,6,1,9999,0,0,1,2500,39
9,15,2,2,1,18,0,3,0,1,1,18,0,3,0,9998,9998,9998,2,2,5,1,25,1,30.41666667,0,2000,34
10,16,2,4,1,54,5,0,0,1,1,54,5,0,0,9998,9998,9998,4,4,5,1,25,1,25,0,50,38
11,16,2,1,0,21,2,4,0,1,0,21,2,4,0,19,4,0,3,2,5,1,11,1,35,0,NA,34
12,16,2,1,0,30,2,3,0,1,0,30,2,3,0,28,2,0,2,2,6,1,12,1,25,0,NA,30
13,16,2,5,0,35,2,4,0,1,0,35,2,4,0,25,4,0,4,2,5,1,80,1,25,1,NA,35
14,16,2,8,1,24,3,1,0,1,1,24,3,1,0,9998,9998,9998,4,1,6,1,50,0,0,0,NA,61
15,16,2,4,1,23,1,3,0,0,0,28,1,4,0,23,3,0,3,2,5,1,13,1,25,1,NA,51
1,13,2,0.916666667,0,30,1,3,0,1,0,30,1,3,0,20,3,0,3,3,3,1,6,1,104.25,0,1000,40
2,13,2,10,0,36,2,2,0,1,0,36,2,2,0,32,3,0,7,3,4,1,7,1,115,1,NA,41
3,13,2,0.916666667,1,27,4,4,0,1,1,27,4,4,0,9998,9998,9998,8,2,4,1,3,1,70,1,500,46
4,13,2,3,0,30,2,4,0,1,0,30,2,4,0,20,3,0,6,3,2,1,0,0,0,1,NA,31
5,13,2,10,0,9999,2,9999,0,1,0,9999,2,9999,0,36,1,0,5,3,2,1,0,0,0,1,NA,35
6,13,2,10,0,66,1,1,1,1,0,66,1,1,1,64,1,0,4,1,2,1,0,1,388,1,NA,32
7,14,2,1,0,30,1,3,0,1,0,30,1,3,0,NA,NA,NA,4,2,2,1,0,1,300,1,NA,40
8,14,2,4,1,20,1,0,0,0,0,9999,1,9999,0,20,0,0,4,1,5,1,40,1,40.41666667,1,NA,35
9,14,2,8,1,28,0,4,0,0,0,31,0,4,0,9998,9998,9998,6,2,6,1,0,0,0,1,NA,34
10,21,2,1,1,21,0,4,0,1,1,21,0,4,0,9998,9998,9998,2,1,5,1,16,1,20,1,NA,30
11,21,2,2,1,30,0,4,0,1,1,30,0,4,0,9998,9998,9998,3,2,5,1,9,1,20,1,NA,32
12,21,2,0.333333333,0,26,2,4,0,1,0,26,2,4,0,23,4,0,5,3,5,1,15,1,20,1,NA,40
13,21,2,6,0,48,0,4,0,1,0,48,0,4,0,9998,9998,9998,1,1,5,1,9,1,20,1,NA,47
14,21,2,4,0,64,0,4,0,1,0,64,0,4,0,9998,9998,9998,2,1,5,1,40,1,40,1,NA,47
15,21,2,1,0,39,0,4,0,1,0,39,0,4,0,9998,9998,9998,2,2,5,1,40,1,20,1,NA,35
1,17,2,13,0,37,1,4,0,1,0,37,1,4,0,22,4,0,9,2,5,1,45,1,20,1,NA,30
2,17,2,15,0,26,2,3,0,1,0,26,2,3,0,18,1,0,5,2,2,0,0,1,91.25,1,2172.619048,40
3,17,2,37,0,41,1,3,0,1,0,41,1,3,0,37,3,0,6,4,5,1,54,1,25,1,NA,31
4,17,2,15,0,39,2,4,0,1,0,39,2,4,0,34,4,0,3,2,5,0,200,1,25,1,2000,35
5,17,2,15,0,31,0,4,0,1,0,31,0,4,0,9998,9998,9998,8,4,3,1,70,1,25,1,NA,47
6,17,2,4,0,32,2,4,0,1,0,32,2,4,0,27,2,0,4,2,3,1,25,1,110,0,NA,39
7,17,2,5,0,22,2,4,0,1,0,22,2,4,0,20,4,0,8,4,6,1,3,1,182.5,1,NA,40
8,17,2,35,1,35,4,3,0,1,1,35,4,3,0,9998,9998,9998,3,2,8,0,6,1,50,0,NA,33
9,17,2,12,1,38,3,4,0,1,1,38,3,4,0,9998,9998,9998,12,7,3,1,20,1,20,1,NA,34
10,17,2,9999,1,30,3,3,0,1,1,30,3,3,0,9998,9998,9998,5,3,3,1,35,1,30.41666667,0,NA,39
11,17,2,5,1,30,3,2,0,1,1,30,3,2,0,9998,9998,9998,8,2,3,0,9999,1,150,0,NA,38
12,17,2,0.166666667,0,28,2,2,0,1,0,28,2,2,0,16,1,0,4,2,3,1,20,1,91.25,0,NA,31
13,19,2,4,0,30,2,1,0,1,0,30,2,1,0,22,1,0,5,2,6,1,6,0,0,0,NA,33
14,19,2,10,0,40,2,1,0,1,0,40,2,1,0,33,1,0,5,3,6,1,12,0,0,1,NA,40
15,19,2,4,0,22,2,2,0,1,0,22,2,2,0,17,2,0,3,2,6,1,12,0,0,0,NA,38
1,20,2,4,0,30,2,4,0,1,0,30,2,4,0,25,4,0,5,2,3,1,10,1,0,1,NA,33
2,20,2,4,0,36,2,4,0,1,0,36,2,4,0,33,4,0,10,5,5,1,32,1,0,1,3000,42
3,20,2,5,0,30,1,3,0,1,0,30,1,3,0,19,3,0,5,2,5,1,15,1,15,0,5800,30
4,20,2,32,0,38,2,1,0,1,0,38,2,1,0,32,1,0,12,6,5,0,19,1,25,0,1500,45
5,20,2,20,0,68,5,1,0,1,0,68,5,1,0,9998,9998,9998,5,4,5,1,22,0,0,1,4000,39
6,20,2,2,1,19,2,3,0,0,0,35,2,3,0,19,3,0,3,2,5,1,140,1,60,1,3000,30
7,20,2,20,0,43,2,1,0,1,0,43,2,1,0,35,1,0,12,4,5,1,6,1,15,0,1738.095238,31
8,20,2,20,1,18,1,4,0,0,0,23,1,4,0,18,4,0,3,2,2,1,0,1,30.41666667,1,3000,33
9,21,2,5,1,18,2,1,0,0,0,9999,2,3,0,18,1,0,5,1,5,0,22,0,0,1,NA,34
10,21,2,15,1,39,0,4,0,1,1,39,0,4,0,9998,9998,9998,7,6,5,1,25,1,15,1,NA,34
11,21,2,7,1,30,2,4,0,0,0,9999,2,3,0,30,4,0,7,1,6,1,21,0,0,1,NA,37
12,21,2,13,0,52,2,1,0,1,0,52,2,1,0,43,0,0,6,4,5,1,35,0,0,1,NA,38
13,21,2,2,1,45,2,2,0,0,0,54,2,1,0,45,2,0,8,5,6,1,72,0,0,0,100,36
14,21,2,49,0,67,2,3,0,1,0,67,2,3,0,65,3,0,5,2,2,1,0,0,0,1,NA,35
15,21,2,16,1,16,0,2,0,1,1,16,0,2,0,9998,9998,9998,5,1,5,1,23,1,0,0,NA,33
1,16,2,10,0,38,2,0,0,1,0,38,2,0,0,28,0,0,5,3,7,0,6,1,91.25,0,NA,31
2,16,2,10,1,32,4,3,0,1,1,32,4,3,0,9998,9998,9998,6,2,9,1,11,0,0,1,NA,32
3,16,2,14,0,50,1,1,0,1,0,50,1,1,0,42,1,0,7,4,9,1,41,0,0,1,NA,32
4,17,2,6,0,16,2,3,0,1,0,16,2,3,0,16,3,0,3,2,2,1,0,1,121.6666667,1,15208.33333,41
5,17,2,1,0,21,0,4,0,1,0,21,0,4,0,9998,9998,9998,2,2,2,1,0,1,121.6666667,0,2000,33
6,17,2,25,1,30,5,0,0,1,1,30,5,0,0,9998,9998,9998,4,1,3,1,9999,1,121.6666667,0,NA,35
7,17,2,14,1,49,5,3,0,1,1,49,5,3,0,9998,9998,9998,5,2,3,1,35,1,456.25,0,NA,33
8,17,2,30,0,40,2,3,0,1,0,40,2,3,0,38,2,0,6,2,2,1,0,1,182.5,1,1500,31
9,17,2,7,0,42,2,2,0,1,0,42,2,2,0,39,1,0,2,2,3,1,43,1,60.83333333,0,NA,36
10,17,2,14,1,30,2,1,1,0,0,38,2,3,0,30,1,1,5,3,9,0,50,0,0,0,NA,46
11,17,2,5,1,32,1,3,0,1,1,32,1,3,0,NA,NA,NA,4,2,2,0,0,1,60.83333333,1,NA,30
12,17,2,5,0,30,2,4,0,1,0,30,2,4,0,25,3,0,4,2,2,1,0,1,121.6666667,1,3000,42
13,17,2,15,0,9999,1,3,0,1,0,9999,1,3,0,9999,4,0,10,3,6,1,55,0,0,1,NA,43
14,17,2,1,0,50,2,4,0,1,0,50,2,4,0,40,1,0,8,4,3,1,15,1,105,0,NA,38
15,17,2,4,1,20,0,2,0,0,0,9999,0,0,0,9998,9998,9998,3,2,3,1,55,1,91.25,0,NA,45
1,18,2,11,0,30,2,3,0,1,0,30,2,3,0,27,2,0,6,2,5,1,13,1,10,0,NA,34
2,18,2,10,0,49,2,3,0,1,0,49,2,3,0,37,2,0,7,3,6,1,45,0,0,1,NA,35
3,18,2,3,0,26,2,4,0,1,0,26,2,4,0,20,4,0,3,2,6,1,8,0,0,1,NA,34
4,18,2,8,1,28,5,9999,0,1,1,28,5,9999,0,9998,9998,9998,7,2,5,1,45,1,0,1,NA,40
5,18,2,13,0,30,2,3,0,1,0,30,2,3,0,26,3,0,5,2,5,1,70,1,20,1,NA,38
6,18,2,7,0,31,2,2,0,1,0,31,2,2,0,23,4,0,6,2,5,1,45,1,NA,1,NA,38
7,18,2,1,0,26,2,2,0,1,0,26,2,2,0,20,2,0,5,2,6,1,12,0,0,0,NA,35
8,18,2,2,0,67,2,4,0,1,0,67,2,4,0,48,0,0,5,1,6,1,3,0,0,1,NA,38
9,18,2,10,0,48,2,4,0,1,0,48,2,4,0,30,3,0,5,3,6,1,2,0,0,1,NA,40
10,19,2,6,1,30,3,2,0,1,1,30,3,2,0,9998,9998,9998,6,1,5,1,12,1,40,1,NA,37
11,19,2,20,0,40,2,3,0,1,0,40,2,3,0,32,1,0,3,2,6,1,40,0,0,0,NA,39
12,19,2,2,0,34,2,4,0,1,0,34,2,4,0,28,3,0,4,2,5,1,34,1,45,1,NA,31
13,19,2,2,0,43,2,4,0,1,0,43,2,4,0,30,3,0,6,2,6,1,9999,1,25,1,NA,30
14,19,2,8,1,23,2,3,0,0,0,27,2,3,0,23,3,0,3,2,6,1,6,0,0,1,NA,38
15,19,2,3,0,32,2,3,0,1,0,32,2,3,0,24,3,0,3,3,5,1,40,1,40,1,NA,34
1,21,2,17,0,48,2,2,0,1,0,48,2,2,0,24,3,0,5,2,9,1,15,0,0,1,NA,30
2,21,2,4,1,42,3,0,0,1,1,42,3,0,0,9998,9998,9998,3,2,9,1,35,0,0,0,NA,35
3,21,2,40,1,45,1,1,0,0,0,55,1,1,0,45,1,0,7,6,9,1,25,0,0,1,NA,35
4,21,2,49,1,9999,2,0,0,0,0,50,2,0,0,9999,0,0,4,1,9,1,25,0,0,0,NA,30
5,21,2,13,1,26,3,2,0,1,1,26,3,2,0,9998,9998,9998,5,1,9,1,64,0,0,0,NA,45
6,21,2,12,1,32,0,4,0,1,1,32,0,4,0,9998,9998,9998,5,1,9,1,44,0,0,1,NA,42
7,21,2,5,0,31,2,3,0,1,0,31,2,3,0,22,2,0,3,2,6,1,22,0,0,1,500,39
8,21,2,4,0,35,2,2,0,1,0,35,2,2,0,28,1,0,9,3,5,1,35,1,60.83333333,0,NA,35
9,21,2,1,1,23,2,3,0,0,0,35,2,4,0,23,3,0,2,2,3,1,20,1,152.0833333,1,NA,33
10,21,2,8,0,32,2,2,0,1,0,32,2,2,0,27,1,0,5,2,9,1,21,1,121.6666667,1,NA,31
11,21,2,5,0,21,0,3,0,1,0,21,0,3,0,9998,9998,9998,2,2,3,1,20,1,182.5,0,NA,31
12,21,2,10,0,43,2,3,0,1,0,43,2,3,0,19,2,0,9,4,3,0,85,1,152.0833333,1,NA,35
13,21,2,3,0,25,2,4,0,1,0,25,2,4,0,21,4,0,4,2,9,1,11,1,30.41666667,0,NA,37
14,21,2,5,0,30,2,3,0,1,0,30,2,3,0,25,3,0,5,2,9,0,25,0,0,1,NA,37
15,21,2,3,1,21,2,2,0,0,0,27,2,3,0,21,2,0,6,3,3,1,20,1,91.25,1,NA,35
1,20,2,10,1,9999,3,9999,0,1,1,9999,3,9999,0,9998,9998,9998,4,1,5,0,53,1,30.41666667,0,NA,34
2,20,2,3,0,29,2,4,0,1,0,29,2,4,0,23,4,0,5,2,3,1,33,1,207.5,1,NA,35
3,20,2,3,0,19,0,3,0,1,0,19,0,3,0,9998,9998,9998,1,1,5,0,63,1,30.41666667,0,NA,38
4,20,2,15,0,34,2,2,0,1,0,34,2,2,0,24,1,0,6,2,5,1,42,0,0,1,NA,34
5,20,2,10,0,9999,2,4,0,1,0,9999,2,4,0,23,3,0,5,1,3,0,43,1,91.25,1,NA,43
6,20,2,4,0,29,1,4,0,1,0,29,1,4,0,21,4,0,3,2,5,0,33,1,30.41666667,1,3041.666667,48
7,20,2,15,1,16,0,3,0,1,1,16,0,3,0,9998,9998,9998,2,2,3,0,33,1,91.25,1,1303.571429,37
8,20,2,30,0,49,5,4,0,1,0,49,5,4,0,9998,9998,9998,4,2,3,1,33,1,60.83333333,0,3041.666667,39
9,20,2,3,0,21,2,3,0,1,0,21,2,3,0,16,3,0,6,2,3,1,23,1,91.25,1,NA,37
10,21,2,4,0,17,0,4,0,1,0,17,0,4,0,9998,9998,9998,2,2,3,1,53,1,146.6666667,1,NA,38
11,21,2,10,0,62,2,1,0,1,0,62,2,1,0,55,1,0,3,1,5,0,73,1,30.41666667,0,NA,39
12,21,2,1,0,29,2,2,0,1,0,29,2,2,0,25,1,0,6,2,6,1,35,1,8.69047619,0,4000,33
13,21,2,6,1,30,4,3,0,1,1,30,4,3,0,9998,9998,9998,4,1,6,1,15,0,0,1,NA,54
14,21,2,3,1,25,0,3,0,1,1,25,0,3,0,9998,9998,9998,2,1,3,0,43,1,91.25,1,NA,35
15,21,2,10,0,30,2,2,0,1,0,30,2,2,0,26,1,0,7,2,3,1,53,1,91.25,1,NA,38
1,21,2,10,1,24,1,3,0,0,0,32,1,2,0,24,3,0,4,2,5,1,70,0,0,0,NA,34
2,21,2,30,1,45,5,2,0,1,1,45,5,2,0,9998,9998,9998,3,3,4,1,7,0,0,1,NA,30
3,21,2,7,0,54,1,4,0,1,0,54,1,4,0,39,3,0,3,2,3,1,5,1,200,1,NA,40
4,21,2,15,0,41,0,4,0,1,0,41,0,4,0,9998,9998,9998,4,2,5,0,14,1,20,1,28000,31
5,21,2,5,0,25,2,4,0,1,0,25,2,4,0,21,3,0,4,2,3,1,5,1,425.8333333,1,9000,34
6,21,2,7,0,31,2,4,0,1,0,31,2,4,0,28,4,0,8,3,5,1,12,0,0,1,NA,37
7,21,2,17,0,43,1,4,0,1,0,43,1,4,0,36,4,0,7,2,2,1,0,1,190,1,NA,30
8,21,2,7,0,30,1,4,0,1,0,30,1,4,0,20,2,0,4,2,5,1,35,1,20,0,NA,32
9,21,2,20,1,50,1,1,0,0,0,9999,1,4,0,50,1,0,8,3,2,1,0,1,200,1,NA,40
10,21,2,0.25,1,17,1,2,0,0,0,28,1,3,0,17,2,0,3,2,5,1,22,1,20,0,750,33
11,21,2,0.083333333,1,20,1,3,0,0,0,25,1,4,0,20,3,0,3,2,5,1,75,1,25,0,2000,44
12,21,2,3,0,22,2,4,0,1,0,22,2,4,0,21,3,0,8,4,5,1,40,1,20,1,8000,37
13,21,2,0.5,1,26,1,1,0,0,0,28,1,2,0,26,1,0,4,2,5,0,45,1,15,0,700,39
14,21,2,14,1,36,2,2,0,0,0,45,2,4,0,36,2,0,9,4,3,1,35,0,0,1,NA,35
15,21,2,6,1,41,2,2,0,0,0,46,2,4,0,41,2,0,6,4,5,1,40,1,23,1,NA,75
1,20,2,24,0,63,2,1,0,1,0,63,2,1,0,43,1,0,6,1,5,1,45,1,10,1,NA,36
2,20,2,50,0,62,2,1,0,1,0,62,2,1,0,50,0,0,5,1,9,1,55,0,0,0,NA,36
3,20,2,43,1,89,5,1,1,1,1,89,5,1,1,9998,9998,9998,3,2,5,1,125,0,0,0,NA,31
4,20,2,12,1,54,5,1,0,1,1,54,5,1,0,9998,9998,9998,1,1,5,1,45,1,304.1666667,0,NA,34
5,20,2,9,1,25,4,1,0,1,1,25,4,1,0,9998,9998,9998,6,1,5,1,40,0,0,0,100,31
6,20,2,6,0,30,2,0,0,1,0,30,2,0,0,9999,0,0,7,1,9,1,40,0,0,0,NA,37
7,20,2,30,1,45,5,1,1,1,1,45,5,1,1,9998,9998,9998,3,1,5,1,6,0,0,0,43.45238095,40
8,20,2,18,0,23,2,4,0,1,0,23,2,4,0,20,3,0,3,2,5,1,100,1,20,0,NA,37
9,20,2,20,0,21,2,3,0,1,0,21,2,3,0,19,2,0,4,2,5,1,64,1,10,0,NA,31
10,20,2,18,0,74,2,1,0,1,0,74,2,1,0,44,1,0,7,3,5,1,7,0,0,1,NA,36
11,20,2,7,0,42,2,3,0,1,0,42,2,3,0,35,2,0,7,2,6,1,9,0,0,1,NA,31
12,20,2,30,0,42,2,3,0,1,0,42,2,3,0,24,1,0,7,2,5,1,120,1,10,1,NA,31
13,20,2,30,0,49,2,1,0,1,0,49,2,1,0,35,1,0,7,3,6,1,36,0,0,1,NA,36
14,20,2,1,1,23,5,1,0,1,1,23,5,1,0,9998,9998,9998,5,1,5,1,17,1,10,0,NA,40
15,20,2,1,1,18,3,2,0,1,1,18,3,2,0,9998,9998,9998,2,1,5,1,20,1,10,0,NA,35